market_id,path,rows,first_timestamp,last_timestamp,sha256
558934,regression_ready/prices_by_market/558934.csv.gz,140760,1780272006,1784510108,9e2ca66f01e9c9a486f77f7afb62b6cbb499182fac9a2d3e4eb039ae9a2b8b6c
558935,regression_ready/prices_by_market/558935.csv.gz,129118,1780272007,1784160724,72fd6e8f5bcb66a967fd3d3c95b95d25c9951935d5a5ee80423867771caf8604
558936,regression_ready/prices_by_market/558936.csv.gz,126230,1780272006,1784074085,30ed2c8c30d84331e96e61b58c31ec62fc73c634b974c3dd2663fbaeab084b82
558937,regression_ready/prices_by_market/558937.csv.gz,100564,1780272007,1783300626,1298793317002e5f30fbbd04837642b60d9cb46a498d8fd578f3e8315ffe45fa
558938,regression_ready/prices_by_market/558938.csv.gz,140779,1780272003,1784510706,aadd782608eda5568b05da3eb1cf0b5816dae875fb2f9629eaa94ea96c332c36
558939,regression_ready/prices_by_market/558939.csv.gz,83513,1780272003,1782787024,cc7e8158cdb3c873d75a0530b005b381e8442546c0c23302ed5b468e98cffb91
558940,regression_ready/prices_by_market/558940.csv.gz,103316,1780272006,1783383188,5d50e90e8e1935bf8cb25fe9b28412b10870961982049656f32a8915efcfd0cb
558941,regression_ready/prices_by_market/558941.csv.gz,84042,1780272006,1782802865,803fbc712e36792fb6f1e0094a488451d5a5092137a9184fbf4e53d30c0f0a59
558943,regression_ready/prices_by_market/558943.csv.gz,103908,1780272007,1783400945,b63862e2209857dba95a7b955ad6ff4b686c96b6cea663c7a72ba41c85eb1bf2
558944,regression_ready/prices_by_market/558944.csv.gz,75192,1780272003,1782537364,8822a8c8684827b8835c7b99aca7342cd895f8eb9c8eaaecafab0e9a9b81da3f
558945,regression_ready/prices_by_market/558945.csv.gz,101158,1780272006,1783318444,f024baadae42e6bc78865328852cc91edd2fb1be46dc6d6b1d4fe091af7a4d4a
558946,regression_ready/prices_by_market/558946.csv.gz,114725,1780272003,1783728784,2f566778213562d4f59e96d6859a6557713edadeca9a0cb9f13f96d0961e1f2c
558947,regression_ready/prices_by_market/558947.csv.gz,106406,1780272006,1783475886,d107b8df6db2c3b8edee74b19394a0ced6968002506e73902f888d3e03c47831
558949,regression_ready/prices_by_market/558949.csv.gz,82989,1780272005,1782771304,47ac875d734d193a735a1d50ed7e12a9f7aff5406217037de3d034690ae42d8d
558951,regression_ready/prices_by_market/558951.csv.gz,117940,1780272007,1783825207,25af9b0d3bea2605496ec17721aca62dcedc0d9db749fdeecb11a3f4983a46e8
558952,regression_ready/prices_by_market/558952.csv.gz,97318,1780272008,1783203245,514926fb26627ee7235d000f6e4bed4c0b5dda109173e2b5ebaae7b29ba12de6
558954,regression_ready/prices_by_market/558954.csv.gz,58439,1780272003,1782032764,4b654612e530c63dceb845f2750e096f50afea99775a2ba91c421b99937ef85b
558955,regression_ready/prices_by_market/558955.csv.gz,86894,1780272003,1782890525,85ae3deacad09f44401dd4b23d5cd272275cc10b2bb0656a24e818fe477fde74
558956,regression_ready/prices_by_market/558956.csv.gz,97794,1780272005,1783217525,5cfcc2968698d427d9d90a83603cd3e0eb371118a93aee8f30001d5601792934
558957,regression_ready/prices_by_market/558957.csv.gz,75590,1780272007,1782549304,ee0d49f3a2fee060d6d4d055f8214d5928ae4d69b6c50159c37ba67a869c28a6
558958,regression_ready/prices_by_market/558958.csv.gz,94649,1780272003,1783123212,5306a228cee337a1aeb18199248f5c343a3b0f210fa052102905f1879c8a522c
558959,regression_ready/prices_by_market/558959.csv.gz,78302,1780272003,1782630724,3e9c00a5fba08d587b1bb1507ccc12fe5c1f0c55673f7c71e1c2387ac9d05865
558960,regression_ready/prices_by_market/558960.csv.gz,78008,1780272003,1782621903,d18d7e850e493d386da4e01882cddba26daa4c211e1c09eda9fdb446ec1aab46
558961,regression_ready/prices_by_market/558961.csv.gz,78017,1780272005,1782622143,e70f999d341557bf95b73f0e58eb6eb35514d72e7a25745b0a43c80d0692d3b5
558962,regression_ready/prices_by_market/558962.csv.gz,64081,1780272003,1782202023,5bfc97bfabb0579cc486a6553411d1d1dffbfab5554c646838d1c8e07e092eac
558963,regression_ready/prices_by_market/558963.csv.gz,112074,1780272003,1783645924,842776e6d87874fb6cff2d46957313d90929b1d8cd9b14dbfccc3ae7a9f8e317
558964,regression_ready/prices_by_market/558964.csv.gz,80330,1780272006,1782691504,4c8ae416c36d2ce461d29bdc00ccde049baf210b9bf0437ebc027f7eb3e8477a
558965,regression_ready/prices_by_market/558965.csv.gz,89129,1780272005,1782957604,bae4d33c2cf3e4db026b633578d5d400d2db184fe7f694cb813bcf674948d677
558966,regression_ready/prices_by_market/558966.csv.gz,85868,1780272006,1782857645,b99176ae7634eb33adc4e4b1433a69c8a82bebb386398b8a1f54db05899d3a04
558967,regression_ready/prices_by_market/558967.csv.gz,95461,1780272003,1783147564,b72fac5cceeb03ef5aa315790d3ca86ebbbf794b00e4703411c22748feffb505
558968,regression_ready/prices_by_market/558968.csv.gz,105872,1780272006,1783459865,d9b2bd002e5ef90d48a0c9dbdd4f0bde9b1cd2697397e0480c8d03d7e8558a58
558969,regression_ready/prices_by_market/558969.csv.gz,92750,1780272005,1783066207,509caa446e655880bb4139428a53ea7469ec3f2f4a1b09cd5092ed42f514cb0c
558970,regression_ready/prices_by_market/558970.csv.gz,95124,1780272007,1783137425,b94716247d8d293e0c2344cca29959aa6fa727443945e4686ad4a5ab3996b0f1
558971,regression_ready/prices_by_market/558971.csv.gz,68824,1780272006,1782346323,1a906362295a0a9c34387f69366953ad90026d19ee8f66a97a1d94157475be30
558972,regression_ready/prices_by_market/558972.csv.gz,75460,1780272003,1782545405,cad2ffbc9480029ab677d1b7bb76778ae871b8aa56460c1bf0830e802cb76dfe
558973,regression_ready/prices_by_market/558973.csv.gz,77703,1780272005,1782612723,399ef6122a3553adfe82b8148f83f98f0e0bd7d1bf322abd3176d892b2348e9d
558974,regression_ready/prices_by_market/558974.csv.gz,118407,1780272003,1783839425,4d37af3dcf80270b9ed48667fc3a05d42e5c5589f6f74425af30f99b283b4d2a
558975,regression_ready/prices_by_market/558975.csv.gz,91789,1780272003,1783037406,96d2139a72af4ca98a0d183e7b84c0f4e8951f4213ede05c6dc0b31f4c21f832
558976,regression_ready/prices_by_market/558976.csv.gz,92291,1780272003,1783052465,2f61db1df7f543ba7110143ca4c1b1be23f1ec5784a44bc032f18c1b33d60a5f
558977,regression_ready/prices_by_market/558977.csv.gz,55168,1780272006,1781934604,43cd07087a409e75d8dcff149365dcc33c027da3614f43990623a04f3ffd8cce
558978,regression_ready/prices_by_market/558978.csv.gz,71819,1780272003,1782436204,c06637109e691c0f7f76f5ddd0f58331ea6f56cd204b553d0b89d8b89ed7797e
558979,regression_ready/prices_by_market/558979.csv.gz,66485,1780272003,1782274146,76e60acb878a44394af36fc82e8e407682d1c9bbbad5beafc46cd2280ea45765
558980,regression_ready/prices_by_market/558980.csv.gz,86328,1780272007,1782871445,987514e9d300c5ea76ef8e5db819f9a834411c7d482e0b2d1087d28c6ae342ac
558981,regression_ready/prices_by_market/558981.csv.gz,88552,1780272003,1782940264,9ff6b165ea5073b7e93ffc1787724ef6461b255120102cf6b730be60135c36eb
558982,regression_ready/prices_by_market/558982.csv.gz,74593,1780272003,1782519425,cab34f375c2b18cedc11bc34bab2b40a788dfac2493691f90c1ccb8c1fa2c3e1
558983,regression_ready/prices_by_market/558983.csv.gz,89518,1780272006,1782969245,a3f6852608d9d4ceac34d6543a672f2a04ba553087ff75aa3bc6544651c8076f
558984,regression_ready/prices_by_market/558984.csv.gz,69536,1780272003,1782367744,52861b0ddd27d43ba426c707c20b934ef227fb25d462abc95a35f776b14e2c37
558985,regression_ready/prices_by_market/558985.csv.gz,55454,1780272003,1781943243,dc2c95df82a48fd8c740ac4e25ff146efa42dda8d3fc2c6dc3e9bfd24dabfd58
1897034,regression_ready/prices_by_market/1897034.csv.gz,31440,1780272003,1781220724,1ce54779cdcc2e68c4a58c4f0f273eb76dfec496d985dcc324fab9e6eae0be96
1897035,regression_ready/prices_by_market/1897035.csv.gz,31388,1780272006,1781219163,855ddc76e9cafdd5d06c544443f6f7e3d66ee9d6d3cf438e96168a42b35755e9
1897036,regression_ready/prices_by_market/1897036.csv.gz,31388,1780272003,1781219164,156d0278b8f7b54101be5bec606ca8c5773939e4607bf598466096784380e449
1897037,regression_ready/prices_by_market/1897037.csv.gz,32262,1780272009,1781245384,61d004d745558f64908b7520e1f7b05e21aae53693943ffb0144032b7eefb96e
1897038,regression_ready/prices_by_market/1897038.csv.gz,32212,1780272003,1781243884,cb730f1fb178f6b7cbe38083b3ff15bd026329d8967328279ab9e8beec91ebbf
1897039,regression_ready/prices_by_market/1897039.csv.gz,32212,1780272007,1781243885,6c0c32169f1e4b2029818344b16e0ce8595da776c07cf84205decddd7a41874f
1897040,regression_ready/prices_by_market/1897040.csv.gz,34256,1780272006,1781305205,e12fcf19a5d822fc6e9fbdb4b74bb18c208db6a311e411e2457ed0c982fc4057
1897041,regression_ready/prices_by_market/1897041.csv.gz,34308,1780272006,1781306764,46ff42fb2226b4991363c41ee1e934cd3d0be9848708fa57037bb1d6e4fa9f40
1897042,regression_ready/prices_by_market/1897042.csv.gz,34256,1780272007,1781305205,1d92b3fa3e73d622d46eef269ac3f5b73c5784e3f85dd6be23d06e4e267f98e1
1897043,regression_ready/prices_by_market/1897043.csv.gz,35074,1780272003,1781329744,258b73bd763e80d14de7fde40f722d56b908f83ce20ef7e52fc5e79f99af72b2
1897044,regression_ready/prices_by_market/1897044.csv.gz,34986,1780272003,1781327104,d00763995914120069d8e0e3ca0a7934bdf798ff6d26b17a42fdcdd0a4b2d38d
1897045,regression_ready/prices_by_market/1897045.csv.gz,34986,1780272006,1781327104,4aaeceb057460ddccc87920d906cece1541becf736ed21fa5db7ea4784f1f9e7
1897046,regression_ready/prices_by_market/1897046.csv.gz,37150,1780272006,1781392024,74eebe3620a4a5cda1e853f1205c5a24ce7918375f79af03197517b56c9a4f18
1897047,regression_ready/prices_by_market/1897047.csv.gz,37202,1780272006,1781393585,2559a6bbbb3d5ec539e053308b76c129a77565088a3abc8f4a5ec7e390f855a4
1897048,regression_ready/prices_by_market/1897048.csv.gz,37150,1780272003,1781392024,11c447f71cd1b7fb157e920a2614cde7c78cde381897b6f331d1ad64b177e4ae
1897049,regression_ready/prices_by_market/1897049.csv.gz,37510,1780272006,1781402827,60f955c72c901e2264755551e96396232694eb6d3a9ac21a9eaa1d294902230b
1897050,regression_ready/prices_by_market/1897050.csv.gz,37562,1780272007,1781404385,3d712d3d49c72848067359eae33c2d818ffeeb59c355daee8817874f60987892
1897051,regression_ready/prices_by_market/1897051.csv.gz,37510,1780272006,1781402827,bbc6cbbdbe3d02257b1110d816dc0ce924b351376486ee3600000d61f0fd6678
1897052,regression_ready/prices_by_market/1897052.csv.gz,37864,1780272006,1781413448,6d73718101a31c863de43c656c3af6b7b49ff980394931826c585da594e90a72
1897053,regression_ready/prices_by_market/1897053.csv.gz,37864,1780272007,1781413446,3bab97a81afaf6af5fe002770f66e358172698f0632e02443ce2cd76fb168501
1897054,regression_ready/prices_by_market/1897054.csv.gz,37922,1780272006,1781415185,8a6c9de7c0c6b7cb6b84d1fd16a6fae1104d8dd27d6ce656481b0a05af214928
1897055,regression_ready/prices_by_market/1897055.csv.gz,38268,1780272003,1781425565,ecc27708641212d2483ed558325c0da8270b7eb1a4baa5749b4fa142a4d75f7b
1897056,regression_ready/prices_by_market/1897056.csv.gz,38214,1780272003,1781423944,09493a25d0a750646b11a4a5a7a06a4c6f4416b77854c792a8b49ed080aee69c
1897057,regression_ready/prices_by_market/1897057.csv.gz,38214,1780272003,1781423944,2c4c29c2452d5483b9356c3add33a7dea9499c226c203c482052b1f02fd5e56a
1897058,regression_ready/prices_by_market/1897058.csv.gz,39836,1780272003,1781472605,65cdbfe5d1ecd8d0de1873aca88d822c1a922f2bf0a798b75ff6b83658a1b517
1897059,regression_ready/prices_by_market/1897059.csv.gz,39778,1780272006,1781470865,2a18f59e59b7b8efb83fbec9edadcb36164761eecf680e5b7213aac53ec42581
1897060,regression_ready/prices_by_market/1897060.csv.gz,39778,1780272009,1781470865,d3dff2ccf052fabc20a8b5d50b5739c1f3c29554ab41f51ed361d98a45de5fe1
1897061,regression_ready/prices_by_market/1897061.csv.gz,40182,1780272003,1781482984,a6901a186e4caa3b51b7ebb086f865a3ea3ca6ceb2a3d04010ffd99b22e04620
1897062,regression_ready/prices_by_market/1897062.csv.gz,40196,1780272003,1781483405,e14ebe46f61155f9d6ced787d2c5088fc073095c12eb280d9cd2cc1f02bdc0a9
1897063,regression_ready/prices_by_market/1897063.csv.gz,40180,1780272003,1781482924,a58968e89e97fd0e9ce35203689d3d20454ed2b51ae3b8f2533d1c7c434089a7
1897064,regression_ready/prices_by_market/1897064.csv.gz,40558,1780272003,1781494263,c3ff24f20f6ecbd0388296d7e0a6dc524d494b597a82013b5a95ae15f2ffc791
1897065,regression_ready/prices_by_market/1897065.csv.gz,40510,1780272003,1781492824,8426f5bf96c9e02b98316a3426c5b7159d5878ee1efbdb32203c68a7e83e1d9e
1897066,regression_ready/prices_by_market/1897066.csv.gz,40510,1780272005,1781492824,fdd533fe5e2c3b27662f747ca27c7672e4b7386a0b0093e1ad7c78e5bd7e1c62
1897067,regression_ready/prices_by_market/1897067.csv.gz,40908,1780272007,1781504763,7dd0ddfd09092e4cb90f204c73fcbf59ac4dde6950e39f947bc6d37d43ed4c0d
1897068,regression_ready/prices_by_market/1897068.csv.gz,40854,1780272003,1781503144,bc4fb5e71e8c6b2b05033c1dfef96e05a70f759ea72ba79b0a51949fded9e28b
1897069,regression_ready/prices_by_market/1897069.csv.gz,40854,1780272008,1781503144,52de051779908ed737be8ab5c9b85ddc8c394100ec746f6a0ce279f2fec4cf3c
1897070,regression_ready/prices_by_market/1897070.csv.gz,42534,1780272006,1781553544,d914bbeb269e8a962a138349e11d22329f613d78f2a7aa481e78ace981b4ef16
1897071,regression_ready/prices_by_market/1897071.csv.gz,42586,1780272003,1781555104,648cf9085cc5e4b2db1eff88910a60de6fef7acbd185dddce5356358bf0edeeb
1897072,regression_ready/prices_by_market/1897072.csv.gz,42534,1780272007,1781553544,0298f1a0a16840ea832402eb1a6a9a8e9693a342248801c181ca933787381377
1897073,regression_ready/prices_by_market/1897073.csv.gz,43242,1780272003,1781574784,f0f32369d073ef5a807adf3b2fb352b7ad312e4ee9550f63b30b2b406b02c5fc
1897074,regression_ready/prices_by_market/1897074.csv.gz,44046,1780272003,1781598905,dc38040b8c83f2dbb394fd39a398a69a95178c7947eb33a429014607ea910f7e
1897075,regression_ready/prices_by_market/1897075.csv.gz,42896,1780272005,1781564404,f6ea1b7d7d51d54dc79d945a276cf28a2f11fa4d6c2dbe153daf75ea79886a3f
1897076,regression_ready/prices_by_market/1897076.csv.gz,43270,1780272006,1781575624,e81ee92be359bbfbd20fd7c40859cf1caaf9817d014654ae402d948fa5f2a689
1897077,regression_ready/prices_by_market/1897077.csv.gz,43270,1780272003,1781575624,00eef2f4fe72e604ce86029ed9ba22e8599b457395e08318a111e5d7383955b4
1897078,regression_ready/prices_by_market/1897078.csv.gz,43270,1780272005,1781575624,3b32e091e3dced58d1b6f84326f5fc2e7ec10f2adcb155151228dd7b3feef7a2
1897079,regression_ready/prices_by_market/1897079.csv.gz,43422,1780272007,1781580184,bae22dd48c4a21ecbb5a2865be2687c931638b08f16e95bcad4cf6eb0f65d57f
1897080,regression_ready/prices_by_market/1897080.csv.gz,43438,1780272006,1781580664,8ea472686e9cee9249345dddfcda0f91553ee089b1288e8c95a5f786defab61c
1897081,regression_ready/prices_by_market/1897081.csv.gz,43408,1780272007,1781579763,26a68b722a9ec42863ce57d8bf511cc7381db25a3bd4b89942867fc230cea46b
1897082,regression_ready/prices_by_market/1897082.csv.gz,45598,1780272003,1781645463,35f20ea2e19fed8b9b16fee4c3f96c29326b9033cdb2f422f64aef709124c83c
1897083,regression_ready/prices_by_market/1897083.csv.gz,45572,1780272003,1781644685,3911fd3dc6d59681c6d99e52dab87fa8828b9cd4a5ff6887e97dc875fbba99e4
1897084,regression_ready/prices_by_market/1897084.csv.gz,45572,1780272007,1781644686,a2082dd21d86d708dff78c89e6451a38bfe509b3f1c2f2a39cdfc6ea7e74688b
1897085,regression_ready/prices_by_market/1897085.csv.gz,45924,1780272006,1781655247,4c360e214bb59a2a39fcafe2d7b272e7f95b4bad0862bc3e826154c2eb0f9c30
1897086,regression_ready/prices_by_market/1897086.csv.gz,45924,1780272006,1781655247,43f5a2fd8a5b028483607ae8a431f5bf89e3b092d74dba586904f738a4c55466
1897087,regression_ready/prices_by_market/1897087.csv.gz,45930,1780272003,1781655423,72644d03664f3d1ad56dc43522a48db82b5fd303407a4d7593a10607286cc1aa
1897088,regression_ready/prices_by_market/1897088.csv.gz,46310,1780272007,1781666824,4647a5886a260fbd8de94b47762208f668769396a57af5d20c1753fee3030cc2
1897089,regression_ready/prices_by_market/1897089.csv.gz,46290,1780272006,1781666225,1371274de746c8046f2afd23e57f89bb16b25f31e1fe9a84266b5c57191b4074
1897090,regression_ready/prices_by_market/1897090.csv.gz,46282,1780272003,1781665985,5a7c031b0f771991bf1f04c09252cae4d7507fc99e4a673724911252828e130a
1897091,regression_ready/prices_by_market/1897091.csv.gz,46670,1780272006,1781677624,1b0b3d66d97fb5bc0109afa0012a4655b988ea8a454602240320bfd0eb9aa8ef
1897092,regression_ready/prices_by_market/1897092.csv.gz,46658,1780272003,1781677264,2a323648ec13b471c6be9a4bd970bc8eeaa3ae85e00fead73222257df95c3ea5
1897093,regression_ready/prices_by_market/1897093.csv.gz,46658,1780272006,1781677264,eb5b80b7568e62d3121c8470b47132de5479bb1ce2af3a52d90a5039348e84ff
1897094,regression_ready/prices_by_market/1897094.csv.gz,48212,1780272003,1781723885,f925b4c082e58cc04a72b7662cb77ba5710bea0271a2ae27f00fc65a737074f3
1897095,regression_ready/prices_by_market/1897095.csv.gz,48236,1780272003,1781724616,2fc8dbf062e80cf56d20899802aaa6f5efff12b238ea53f3a843564c6f1a1b1d
1897096,regression_ready/prices_by_market/1897096.csv.gz,48212,1780272008,1781723885,b2845d7993410c4a3dab2c5a98333982cc98a654cb60c3e8845a04e17a081603
1897097,regression_ready/prices_by_market/1897097.csv.gz,48598,1780272006,1781735465,ece2ca23ad93468f6942ebc78acceef355494529e72ea18b0723c2813f1420fc
1897098,regression_ready/prices_by_market/1897098.csv.gz,48566,1780272007,1781734505,603a2410430b3bad6b499ae2121dcfd5be27739d0d4c454ae09eadb631c5ebf9
1897099,regression_ready/prices_by_market/1897099.csv.gz,48574,1780272006,1781734744,13e90695ea2344e8c8ac8f70ce6b6b723538e6ca6878dc15fc1e3e55a86ce174
1897100,regression_ready/prices_by_market/1897100.csv.gz,48944,1780272003,1781745844,cac1e2c16c38fbac0e430a7e3b8a99f78ff48478941e9ebd4847bc48f003431e
1897101,regression_ready/prices_by_market/1897101.csv.gz,48930,1780272003,1781745425,081c8f0ab726fc4d62a59e85be41aab85da9def0e01ec3a46c0b4c22e1768746
1897102,regression_ready/prices_by_market/1897102.csv.gz,48932,1780272005,1781745485,3ec48097e39bf552373a98e24ff88c1251a1082980a17705f0fdce2bc02e59c6
1897103,regression_ready/prices_by_market/1897103.csv.gz,49304,1780272003,1781756644,3ffe0a2df632b744b17699200c4218e8ef91e39928e07619c33848b0d686bd9e
1897104,regression_ready/prices_by_market/1897104.csv.gz,49302,1780272007,1781756584,ff1f85ba22fa7212ae19af951c4c9b3aa71ec84d9ebfdb291a179e032a5cf40a
1897105,regression_ready/prices_by_market/1897105.csv.gz,49316,1780272006,1781757005,372cc3b1ffa50ccc1c493780a714c1ff8e60a80154c6a3e4953bd62851b2a714
1897106,regression_ready/prices_by_market/1897106.csv.gz,50960,1780272006,1781806324,6b4167753242df02291f57b367d95b0c4f73f5cf2b70f49fe21c05f01ff584ca
1897107,regression_ready/prices_by_market/1897107.csv.gz,50970,1780272003,1781806623,0926e524b2f3468ce0d6d22aa620e73a9c455ed3688ff1ccc28a8ec24529dc16
1897108,regression_ready/prices_by_market/1897108.csv.gz,50960,1780272003,1781806324,cf162b46c5a6d049a0291a16d481a587e9733a82e23c8841896ffd9744f4b381
1897109,regression_ready/prices_by_market/1897109.csv.gz,51326,1780272003,1781817304,75e85f6be4522934dfe59c35a6427a2305347eb2b1ab35850071343e4b432867
1897110,regression_ready/prices_by_market/1897110.csv.gz,51314,1780272006,1781816944,b26383cc9587a85c079cc88345a7520d447a2f5c7117da947a5d126fe6428d91
1897111,regression_ready/prices_by_market/1897111.csv.gz,51314,1780272006,1781816944,e9c3df55b3ed5875a5ca5b9f4536c8a2347ff3ad2f41a3bc422e3d75bd8de27e
1897112,regression_ready/prices_by_market/1897112.csv.gz,51704,1780272003,1781828657,6fad2ad45fe9685394c196d05b2ae4cfc5b72d5936c6e8a175bab53ceed21a50
1897113,regression_ready/prices_by_market/1897113.csv.gz,51690,1780272006,1781828224,6ab29cd68b25917ba1f96f8b342b22c3255d1248a83a83d1ea0f75ab929c133d
1897114,regression_ready/prices_by_market/1897114.csv.gz,51688,1780272003,1781828164,d93ad5cc2a593faf168ba9d8a3728e73db51351618c1fb8605ec6baf7f5dad73
1897115,regression_ready/prices_by_market/1897115.csv.gz,52048,1780272006,1781838964,c2cc5b94ebe0587d71421ddb95bfd44c9ca3b2ae2c56fd6e8aceb5ae88caed0b
1897116,regression_ready/prices_by_market/1897116.csv.gz,52036,1780272003,1781838604,4e6e13eab5bd6819d0975e9a553458306e712141110eda33d99e4986b928879c
1897117,regression_ready/prices_by_market/1897117.csv.gz,52032,1780272003,1781838484,aed8b230d33a2832d976d98d3633e12f25a7a8bcef2a6bb10db42f2d9cd69c91
1897118,regression_ready/prices_by_market/1897118.csv.gz,54157,1780272003,1781904316,9177cdcabece2a4132dabcea92d8c020d8725faa63f2e8543d43ca9433c88582
1897119,regression_ready/prices_by_market/1897119.csv.gz,54155,1780272003,1781904243,0b66f5d6636c0383a8458ede58928ac8c91182c6a1146fdc5ba2732198331e93
1897120,regression_ready/prices_by_market/1897120.csv.gz,54141,1780272003,1781903824,4dc55e78c7610027de86f05e9a48496d05f8ce2fc6b833f580895a7536f57ec3
1897121,regression_ready/prices_by_market/1897121.csv.gz,54491,1780272003,1781914324,71d60e78c089cc0aa450740a0c93dc642008d8d1db9b65083f357be17b552e72
1897122,regression_ready/prices_by_market/1897122.csv.gz,54490,1780272003,1781914324,a441956176d91d7a71312ae2bbb007fa209aec1b88d76370bfe554226e252bb8
1897123,regression_ready/prices_by_market/1897123.csv.gz,54502,1780272006,1781914624,fd696397f8a7f835f0b058c2b4f16cac3fdb35767dfba2ec0e4c3090727312c8
1897124,regression_ready/prices_by_market/1897124.csv.gz,54801,1780272003,1781923623,a3d7504beed36cd888ea92cabf8ce0297c461d408c98333b535a8cea707dfa33
1897125,regression_ready/prices_by_market/1897125.csv.gz,54796,1780272007,1781923445,947465bcf75b45f8c82e86b9108cb99012be4dd9b7c1c35d26b54bbc78425386
1897126,regression_ready/prices_by_market/1897126.csv.gz,54795,1780272003,1781923444,c82209aee7de63b893a06272ff2d9ecb053f7f776d08bea2eab42e6960814f3d
1897127,regression_ready/prices_by_market/1897127.csv.gz,55104,1780272006,1781932684,3740307fed48788962e9945cafbb0688d6ed69d50d4bb6f0132606c2240e763b
1897130,regression_ready/prices_by_market/1897130.csv.gz,55104,1780272006,1781932684,e653aa5c610c1a1b5dd629ddc4be28a92bdc1eb0dc7aa0fb13043613fcdcc0e6
1897133,regression_ready/prices_by_market/1897133.csv.gz,55111,1780272003,1781932924,cc338cf1d085097b4a3de8f5461cb86848b1a5c014e6f594807befacd5e1b0e5
1897144,regression_ready/prices_by_market/1897144.csv.gz,56780,1780272006,1781982975,e032d2435b2cf8694444900d38acfd87ffc3c9469d88873830fac44b8d4d7d3c
1897145,regression_ready/prices_by_market/1897145.csv.gz,56765,1780272003,1781982543,f09140b08613444d650a9d85e9cef17a9f6260b359322667b40d8e91761e7fb1
1897146,regression_ready/prices_by_market/1897146.csv.gz,56772,1780272009,1781982724,793c18d3bb4eef0e1e890618f6df1f575efd99f9f77272b1621ffed83ed53b78
1897147,regression_ready/prices_by_market/1897147.csv.gz,57161,1780272003,1781994425,d4ce36480dab1042e6ad40987effab44928edd469269ec6f4b9ba43c7e143b4d
1897148,regression_ready/prices_by_market/1897148.csv.gz,57138,1780272003,1781993704,d9811dffa9beec5b73a1f4ade9bf90bb4fa5b7293b99a99f97618d82eb4090a3
1897149,regression_ready/prices_by_market/1897149.csv.gz,57140,1780272006,1781993764,db4f78bcd862d896e550491dfe7c0a0fd5afd4201430a249ce6c67c9f67eb88d
1897150,regression_ready/prices_by_market/1897150.csv.gz,57603,1780272003,1782007684,98308bb254d38c304d50b72acb5149428fa9c37cf57d25e35f93386b1b121eb0
1897151,regression_ready/prices_by_market/1897151.csv.gz,57610,1780272006,1782007865,181c323d361119ed7e1c3e57bc3575bbacb9c388a28e6b27e24576372659ef37
1897152,regression_ready/prices_by_market/1897152.csv.gz,57603,1780272003,1782007684,fa98b9c5f1377c77ebd150e1d2c09337fbf1fd5f8b6f3da915f019f0a5dee52b
1897153,regression_ready/prices_by_market/1897153.csv.gz,58085,1780272003,1782022144,144921d02a3fc8882bf1231de279c64847845486b5aaea3053cc27eb043aeb67
1897154,regression_ready/prices_by_market/1897154.csv.gz,58085,1780272003,1782022145,af77d7eb42e481f1a520cd3e49c66a77425ef991eec0f17b5a5cae301af8d1bf
1897155,regression_ready/prices_by_market/1897155.csv.gz,58098,1780272006,1782022504,172629d9076b9590743cee74d49349015da301edb2d94d188549731ac8b47c31
1897161,regression_ready/prices_by_market/1897161.csv.gz,59562,1780272003,1782066438,e6f9de27398534deaa4d5e014d3d7b0f4784df3de0438c466a36a3c63ef44017
1897162,regression_ready/prices_by_market/1897162.csv.gz,59551,1780272003,1782066124,fac134f99e10b770a401fdf19d1344e3b61b67f7eea6cd3f2fe7091fa7d285c0
1897163,regression_ready/prices_by_market/1897163.csv.gz,59553,1780272006,1782066200,33415fa032f0119fa6837c8a7c4a95f037b604bd3bbe197c40084abe1c69abc6
1897168,regression_ready/prices_by_market/1897168.csv.gz,59901,1780272003,1782076624,86c4f9bfd5e372e3645ddcaca0e9adc1b49e14820234f83db175f682d9c5b4fb
1897171,regression_ready/prices_by_market/1897171.csv.gz,59921,1780272003,1782077224,4de49f7f5938ca1ebf94502397c902e5d5bd3742ee1fb350d0ed5f809b29ef7e
1897173,regression_ready/prices_by_market/1897173.csv.gz,59902,1780272006,1782076624,e9f485d57a2852fa11e2dc11ed894c4bdbd7ff07fc0073a9965b5b0a74e702bd
1897177,regression_ready/prices_by_market/1897177.csv.gz,60261,1780272003,1782087423,14512ee45f9caea1f90b895b62f6d2595ae6156aaff255d5fec716a38f9734c6
1897179,regression_ready/prices_by_market/1897179.csv.gz,60290,1780272003,1782088264,1ef98b6e90d01d29dec27d84049a64b85e45913d920a0bce13b3d5d708d29fae
1897181,regression_ready/prices_by_market/1897181.csv.gz,60262,1780272006,1782087423,318d7f40044243a4eeb4f8fcf3e83fc4cf628700ee6dffe3a1523b7f296c53ec
1897186,regression_ready/prices_by_market/1897186.csv.gz,60614,1780272007,1782097984,4860b75cf0251efe64012845d8980509f08ba7ef8f40eab85bdd6a3cb31649dd
1897187,regression_ready/prices_by_market/1897187.csv.gz,60614,1780272006,1782097984,a3c8de5fc000afad02df8128abfa996b4f131be36fc024d6f54d9f598300b447
1897188,regression_ready/prices_by_market/1897188.csv.gz,60622,1780272003,1782098283,b6c20739f45e1839d87170f5ff03496991e2a24a593683d7ee146e1a06b18c84
1897193,regression_ready/prices_by_market/1897193.csv.gz,62550,1780272003,1782156125,88c47b506d84992cff8358a49c2ef170a0cd42f3046c18190c2c834f107405c0
1897194,regression_ready/prices_by_market/1897194.csv.gz,62540,1780272009,1782155765,6eb5dc2ce358703860f90cd469a8080caf398b5442181024b66c497c556805d0
1897197,regression_ready/prices_by_market/1897197.csv.gz,62537,1780272003,1782155704,7f70f18369c233cba6900d0b80bf59d37eceafdd5518846e59bc5ebdedc7b2fb
1897202,regression_ready/prices_by_market/1897202.csv.gz,63237,1780272003,1782176704,66dc1428e71489311718140fd5f6cee1854a791d173c0ab898c206c506530c93
1897204,regression_ready/prices_by_market/1897204.csv.gz,63228,1780272007,1782176405,cd3d72b7aa3adc68969db638761adf06331802438372d52c90c0d8e5f670e1e3
1897206,regression_ready/prices_by_market/1897206.csv.gz,63227,1780272003,1782176405,c1173f9a9feec45157490e8ba9f724748896ef2f0d4075f7a4b5d7de7d6e6eff
1897211,regression_ready/prices_by_market/1897211.csv.gz,63376,1780272006,1782180844,db715cb4f3d4ba9022b0b7a8588b8cfdd39e39f2f48de3f7fdf47aa707bc1843
1897212,regression_ready/prices_by_market/1897212.csv.gz,63374,1780272003,1782180784,78e384b45b59585a007bbf7b9304980b47c984ba78dabb7ee3837453402d1f56
1897213,regression_ready/prices_by_market/1897213.csv.gz,63373,1780272003,1782180784,423fc694f795d78ed59a05135ccc923587a33170137f6be979d50ed98cb17b17
1897218,regression_ready/prices_by_market/1897218.csv.gz,63737,1780272003,1782191705,020a2883a230368f52a20458a8cdbddf2d475c8017f436e7eb4ac7d3f9e678f9
1897221,regression_ready/prices_by_market/1897221.csv.gz,63731,1780272003,1782191524,1d7ef6328b1ced5ebd531b96b8524e9269f44f00ef02f1ac0954041e286e69fb
1897223,regression_ready/prices_by_market/1897223.csv.gz,63762,1780272007,1782192424,f8998645590be9c47d3731c429e5219f692c04ddddec2703e54b02add310ec69
1897228,regression_ready/prices_by_market/1897228.csv.gz,65417,1780272005,1782242105,56cb5e667b039544ae645f7fd782e1b8211ed4eb42cd4adbe9bd78bb0078919e
1897230,regression_ready/prices_by_market/1897230.csv.gz,65411,1780272003,1782241927,2089882caa593b8a359b7f3ed6d0e1b97f041207db3263ebc7195d4fbb06d25f
1897231,regression_ready/prices_by_market/1897231.csv.gz,65411,1780272003,1782241926,06e4aa9d293fae2abb39076fe711dc83fbc2817da5642d982ee3c35fc489958d
1897236,regression_ready/prices_by_market/1897236.csv.gz,65775,1780272003,1782252844,cb71d9dd80d8b7e847e1fe48b76c1e2ba6c44f435576e4ebd30410260f3d8e57
1897238,regression_ready/prices_by_market/1897238.csv.gz,65784,1780272006,1782253084,84897ddd0e829bf771763d17fb6f41f1df081b7b60b991041ac22470ff2c2858
1897240,regression_ready/prices_by_market/1897240.csv.gz,65775,1780272005,1782252844,9dd95b46ff8e8d19ad3255ece260efc4bdac97a010290fb3eba462e6eb77a5f6
1897246,regression_ready/prices_by_market/1897246.csv.gz,66120,1780272003,1782263224,3a2246333f55653edf1c06d3a5dfbef2d1d3fc8606b67e48913aeffb558f2f59
1897247,regression_ready/prices_by_market/1897247.csv.gz,66124,1780272005,1782263284,c5d307884e32e0cc144ffa078d840bbcbe7ad4339e22cdb697a5bebc4f64c49c
1897249,regression_ready/prices_by_market/1897249.csv.gz,66125,1780272003,1782263344,337145a5a74cb65a2a1b33a49c5f6d84d5a6644fd58a2dfc1e5b2dcf852e3d8c
1897254,regression_ready/prices_by_market/1897254.csv.gz,66486,1780272006,1782274146,99052ac9f2f3b73e2335c3a371c87ba9c675b586a9cded87730b4125654cc301
1897255,regression_ready/prices_by_market/1897255.csv.gz,66486,1780272003,1782274146,97878676c8f06e59f93abd796f8cb94e26ea6cb03c17b2085e8a602528fc8728
1897256,regression_ready/prices_by_market/1897256.csv.gz,66486,1780272007,1782274146,57d84b077c8c162d0f04ea0b44220981333c3211322452a24183e49848b0e9a9
1897263,regression_ready/prices_by_market/1897263.csv.gz,68480,1780272008,1782336004,7b573647b12f7459cadc7f638d4066b9293aceb9067de44feab01014dcc912e9
1897265,regression_ready/prices_by_market/1897265.csv.gz,68457,1780272005,1782335344,b3b822d9e5b2e42056d2726504f4a5ad0bf4557f0f495e1b93dcb38daa6a2712
1897266,regression_ready/prices_by_market/1897266.csv.gz,68457,1780272003,1782335344,d87903922a823322396011c604c7c27b1089da069b79a0d5ba3d01432f001478
1897271,regression_ready/prices_by_market/1897271.csv.gz,68480,1780272005,1782336004,61da3b3a1fd58d17dbdfd50dfaabdf1cedc0c83045c6e26216bc90ab4fb78236
1897273,regression_ready/prices_by_market/1897273.csv.gz,68470,1780272006,1782335704,9f913b40c05d26a982bdc87bb9a532e7f9363cf01898197ca336dfd434df9439
1897274,regression_ready/prices_by_market/1897274.csv.gz,68469,1780272003,1782335705,4fa4e4edf1073cd5b796e3ab31a9bbfcaf1255ca2cdceba0ac72996326d1243e
1897279,regression_ready/prices_by_market/1897279.csv.gz,68838,1780272003,1782346745,4a7d5f9f9686683dd00e15fef4e303d279b15085d5fc17b0a68d721c20c222f6
1897280,regression_ready/prices_by_market/1897280.csv.gz,68826,1780272003,1782346385,c375b03f233ded5bbfadc523325ca77da2e09639e1549b90dcfff52b7c2955c5
1897281,regression_ready/prices_by_market/1897281.csv.gz,68826,1780272003,1782346384,eb9522b8757fccdf22603e2fda7eb90a4f506a7bc44ca49f46bae6b158d211c1
1897286,regression_ready/prices_by_market/1897286.csv.gz,68838,1780272007,1782346745,48ba6bb06aa7e430ed6be22ebc58648a494dc33363d1f35911149db21f43d6fa
1897289,regression_ready/prices_by_market/1897289.csv.gz,68838,1780272006,1782346745,cd9d1e01a7b5d906f2e1d478dcdcc83e31a3ef8ff6aa03e43cedd45a58a72953
1897291,regression_ready/prices_by_market/1897291.csv.gz,68860,1780272003,1782347405,7889b2f2f8c629e80cbcafd8c2c7e0afc19fd0e4afa604bb9159fbfca916db82
1897296,regression_ready/prices_by_market/1897296.csv.gz,69177,1780272005,1782356944,079b0e09ce4be9fdf809b5ebc65b50024a67270ed91a40279e6c26237ac71fc1
1897297,regression_ready/prices_by_market/1897297.csv.gz,69176,1780272003,1782356944,64bc1307c8ab1c3f6e54ca5f7912b5eb26198d964905b36a512ae93cbd10c414
1897299,regression_ready/prices_by_market/1897299.csv.gz,69189,1780272003,1782357304,b9fc90c4bc8f9e7dcea17b65d5fdeace0d14f2cab107919ac4c25f2d4e6785e6
1897303,regression_ready/prices_by_market/1897303.csv.gz,69196,1780272003,1782357543,ec7469a265f8f1b72d6982a0eb979aafcd1267edeb16210d1b31037e9a966c7f
1897305,regression_ready/prices_by_market/1897305.csv.gz,69180,1780272006,1782357003,f601d8515b2292c2c2612ac19e9754c762b31a46243e127782b5aef7f7a243b4
1897306,regression_ready/prices_by_market/1897306.csv.gz,69184,1780272007,1782357124,adb90e70cbdf51589f47b688000499d7f4d14b796f529b60830b0098c9962f8d
1897311,regression_ready/prices_by_market/1897311.csv.gz,71472,1780272003,1782425765,5f85352a3eb3d3b84fdb549732d91b8abb7360e06772dd76f576afd9945b67b5
1897312,regression_ready/prices_by_market/1897312.csv.gz,71464,1780272006,1782425525,186dae890016fb3c1142d80cc693243acd1cb28cac575ae9baee58d7574dc395
1897315,regression_ready/prices_by_market/1897315.csv.gz,71468,1780272006,1782425644,62ce2b10cd19369b27182a48ead3c5df5f76c5cfedca5198577275a2b91996f4
1897320,regression_ready/prices_by_market/1897320.csv.gz,71458,1780272005,1782425344,4770ad51608b5c7324f9b9d903b03eb58cbc0b73c9dc957cc15fa404cba971bd
1897322,regression_ready/prices_by_market/1897322.csv.gz,71458,1780272005,1782425344,aa4c66381e835358231f620087208808c645bbd45aacb037f4946f119ec973ae
1897323,regression_ready/prices_by_market/1897323.csv.gz,71465,1780272003,1782425584,d6b1c5d1abd9e4c0d1c12ec910d86bb5db8f22191458d5248412e6dc82fa1b4f
1897329,regression_ready/prices_by_market/1897329.csv.gz,71819,1780272003,1782436204,f55f8718afd43bb991f9abed5ab80c2075c31e36581b5fc77aa80a5a9feb0771
1897330,regression_ready/prices_by_market/1897330.csv.gz,71827,1780272003,1782436443,b0629f38073858e1eb44b66d1978e6ab9ee7140bdf90a63fbb5e633d2117079c
1897331,regression_ready/prices_by_market/1897331.csv.gz,71821,1780272003,1782436265,bf08cf5a02d1808db097fac6e287401ac5eab9485b9cba6af8f0bb3124627f0b
1897336,regression_ready/prices_by_market/1897336.csv.gz,71818,1780272006,1782436144,9195eef145bb930c28351e726de7eb6d0ffaabc92e567b00ea50cda506c3ad4a
1897338,regression_ready/prices_by_market/1897338.csv.gz,71815,1780272003,1782436084,f35c55cb7a8ceb866400bdfebac52c36ffc8215760d6a3585ac077cf12497623
1897340,regression_ready/prices_by_market/1897340.csv.gz,71821,1780272003,1782436265,3f7b57b59846cf2f55d436e7ab75a3e3486f0c7d5415227f09c8dc503c1ad7c1
1897345,regression_ready/prices_by_market/1897345.csv.gz,72180,1780272006,1782447004,21c3981a4af942673cbd94e4205ec42b46e6aae13e60caefb5d43a414094ffa1
1897347,regression_ready/prices_by_market/1897347.csv.gz,72190,1780272007,1782447304,5be6e02c72327f921ec07c9a9da3582839c6879369449f3000790f7efe6c1a81
1897348,regression_ready/prices_by_market/1897348.csv.gz,72180,1780272003,1782447004,43f3d2f42ad9697803bd84bcbed308f4610918417b9adb81586c2e6c232c3cb7
1897354,regression_ready/prices_by_market/1897354.csv.gz,72203,1780272003,1782447724,a48fc9794933dd62420e9877c1a9d921762b4414647b0e29ea888e742bb4b4a5
1897355,regression_ready/prices_by_market/1897355.csv.gz,72198,1780272005,1782447544,063bec88a41ea6b568781af99de3a6ec5a3a1c4379356acd5e27da9d666ab8d9
1897356,regression_ready/prices_by_market/1897356.csv.gz,72198,1780272006,1782447544,68f319e367ec2a2e1271e15955e67722fa3752b44ac011cb632adda2944e1859
1897363,regression_ready/prices_by_market/1897363.csv.gz,74221,1780272003,1782508264,f57518f7f3cd7ea60100f3a361887cea59a408d92e1d0a061f76ce651721bb4b
1897365,regression_ready/prices_by_market/1897365.csv.gz,74222,1780272006,1782508264,244071615d18cc2a9d351bfdfff9b7841daf579a6f14195604daafd1efa988cf
1897366,regression_ready/prices_by_market/1897366.csv.gz,74237,1780272003,1782508744,45100dee19d2fc873949436d205332c8eea77578ab2537aae680ad8496b2515d
1897372,regression_ready/prices_by_market/1897372.csv.gz,74276,1780272006,1782509885,65f32940ea65c88fc4e5de998fd23894a17a05d93eb14e0bd35bafa33bb7e8f8
1897373,regression_ready/prices_by_market/1897373.csv.gz,74260,1780272006,1782509404,4c7e99365bede0c8293bf0399dc140428e3a632ce35ebf94c55315f11721c262
1897374,regression_ready/prices_by_market/1897374.csv.gz,74238,1780272007,1782508744,b6f71e65e8c13100a10c26f83479e1748b6cf71e121d0a264d340da71cb9885a
1897379,regression_ready/prices_by_market/1897379.csv.gz,74829,1780272003,1782526517,cdbeeb4c54859a2293e14f5b1cad90fb32c1a03d6fd32a02a916437fad433815
1897381,regression_ready/prices_by_market/1897381.csv.gz,74852,1780272007,1782527165,1dcf0ac67be66ed2bc95e32230779a03fc881dc10d339f5006c5bdd29d64b28b
1897383,regression_ready/prices_by_market/1897383.csv.gz,74830,1780272003,1782526517,54b14bf842fa41d272ee8df259fce56e2ec54ae6419d10a3c3e7e6cf5759633d
1897389,regression_ready/prices_by_market/1897389.csv.gz,74832,1780272005,1782526565,18f5b63ff837474a940f8ac7b7280e501c9f8134f05b5ee5c07163b77f16eb57
1897390,regression_ready/prices_by_market/1897390.csv.gz,74835,1780272003,1782526683,7476818bf5e57d34bb004d5db3bc4090c733b7e893aa1e53be5b078b9d45c7fb
1897392,regression_ready/prices_by_market/1897392.csv.gz,74853,1780272003,1782527239,de7e86911908eda88ba9f2eeb5c9d9212938eb4572dca7395aad64a1795baf8a
1897397,regression_ready/prices_by_market/1897397.csv.gz,75201,1780272005,1782537679,3cd33f0e5384f681b2592396785f7241b6985a1df3da92340022bb845b0bdc09
1897398,regression_ready/prices_by_market/1897398.csv.gz,75223,1780272003,1782538323,6b1dd9ed7addc1a03d28c4557aa4f20f4230b07f9615dcbfadd820b079113bc9
1897399,regression_ready/prices_by_market/1897399.csv.gz,75202,1780272006,1782537679,5bd7cbc5fccb2e0d743c199b5ee44d5b08c4b4a37e72bb89d9720fc541ccb5fc
1897406,regression_ready/prices_by_market/1897406.csv.gz,75187,1780272005,1782537244,e914090c1a3527fa065cd12f0a7d1265b2cb9a86b19aee1e0d92597246867503
1897408,regression_ready/prices_by_market/1897408.csv.gz,75187,1780272003,1782537244,cd08d4f6b631a18135746b26fa1e151c2ae36bbc79d5a9ec1b5d2390fc753a78
1897409,regression_ready/prices_by_market/1897409.csv.gz,75212,1780272005,1782537964,67dc7199db18a3a7eee289776db3b2aa96d1e09d83d87dde60c85954b1a55a01
1897415,regression_ready/prices_by_market/1897415.csv.gz,77336,1780272008,1782601684,f9fc55c72ebefed6666ac7cba1c0e6ca033fa45aba7711df4549003cfce20ed8
1897416,regression_ready/prices_by_market/1897416.csv.gz,77336,1780272007,1782601684,cec71b7c1f91281741750ef9f45570295d581e79242639d5ca77ef466eeff65e
1897417,regression_ready/prices_by_market/1897417.csv.gz,77347,1780272003,1782602044,d550873bb9ddb998ba49bee5810f6c1522d362e37cf71b50d87c158851b8c52d
1897423,regression_ready/prices_by_market/1897423.csv.gz,77375,1780272003,1782602886,f97072ef1366a696d0eb34ae258869792a856b47913ebf691417c2478ee6d743
1897425,regression_ready/prices_by_market/1897425.csv.gz,77356,1780272006,1782602285,bbed622e2e94e0eb84ac067be4f961f3d24973b0cb46eb434ebe4fe6b647279f
1897427,regression_ready/prices_by_market/1897427.csv.gz,77342,1780272003,1782601924,67cab8c35832ba9ed086497cc12ef3fb00f3ed3bf4a96a1d1f2af144c90b8c84
1897432,regression_ready/prices_by_market/1897432.csv.gz,77644,1780272007,1782610923,fd5effdcda30879f30d4ed5131cefc8ad1c0df9ee44f269ea48bc3f7235bf0c9
1897433,regression_ready/prices_by_market/1897433.csv.gz,77658,1780272006,1782611343,2fb3b92f7c1a4fe52c4e164fb45ec7f06741985f282c5cf3abbb36b32ade2116
1897435,regression_ready/prices_by_market/1897435.csv.gz,77642,1780272006,1782610877,7b7e06b877aa82acca06f0e578eeb6a15ace3f302497b58acde68ee756fb14c1
1897437,regression_ready/prices_by_market/1897437.csv.gz,77684,1780272003,1782612184,29e5a516bd979acd0f4d09e5aabdc9568fe2b777c47185e6cf2f3938aa6d5f97
1897438,regression_ready/prices_by_market/1897438.csv.gz,77658,1780272007,1782611343,765edb7e25071d19adaa40935e667a24228530cc144656292076b1f9da134c38
1897439,regression_ready/prices_by_market/1897439.csv.gz,77657,1780272003,1782611344,edd33b73fc8a428ebed0dcf180dd5ebd1a02e8ab93502a8bd4131302ba0c475d
1897440,regression_ready/prices_by_market/1897440.csv.gz,77940,1780272009,1782619805,46968409f72d70ea923279c39a2e42b689f00b3c9e8385777295026cf9221a3d
1897441,regression_ready/prices_by_market/1897441.csv.gz,77938,1780272003,1782619804,667960009153e6e6c909b1825055dc4fcdb2ee5e81f5ee09f93c676378ee6d9f
1897442,regression_ready/prices_by_market/1897442.csv.gz,77947,1780272003,1782620045,e9930812e692540ae0a405f24a8c3dd6cdaeee7d3186bace1f951b7174b21620
1897443,regression_ready/prices_by_market/1897443.csv.gz,77954,1780272003,1782620225,db7911f0f84d165a1d67466c7d96cbcfbf70c9d03dd676748e5353a92e8c887c
1897444,regression_ready/prices_by_market/1897444.csv.gz,77960,1780272006,1782620404,062967c0af5972cad2d0424fdbad1b5bf00ddf4fcd7c6a8fc1799c1b94541201
1897445,regression_ready/prices_by_market/1897445.csv.gz,77952,1780272006,1782620164,1b1bf8464d2f88de0b11f428e9a1ff18dcb4ff5c05e92cefbf066d31e0732692
2680253,regression_ready/prices_by_market/2680253.csv.gz,9990,1782381965,1782681605,35c605baa14ee2b4e87eb36f1442ea85b77d8bce2b8944a376ff8f68ef510df1
2680256,regression_ready/prices_by_market/2680256.csv.gz,9994,1782381965,1782681725,e977764b5c8dedf2712b33bdc200887154edd6ec0c4166ec3ea0cae962cd46f2
2680257,regression_ready/prices_by_market/2680257.csv.gz,10000,1782381964,1782681904,ffd8085b621cecc877838e8ece2c8bff2ee4a27aad813be57da7ec5b7a5ae65e
2690979,regression_ready/prices_by_market/2690979.csv.gz,9656,1782471304,1782760925,90332e4c1552074ff6d7acf19b255bbf09e3d763941ae4c95c7c3c20d8e12628
2690981,regression_ready/prices_by_market/2690981.csv.gz,9644,1782471304,1782760565,dfc32b56e9297cdb3aca6f8bb6b2eed2d34808c0eeef4c71d27a819d2122e795
2690983,regression_ready/prices_by_market/2690983.csv.gz,9644,1782471304,1782760564,2df89be39a8540a822b64a6a5b533c1951e0955961ec72d8ea260d0c9dea168c
2690992,regression_ready/prices_by_market/2690992.csv.gz,10706,1782471304,1782792424,adefb810d7b08a9cd3a9955b66120260aedf0db33c1cd2f1c55d92658a600395
2690994,regression_ready/prices_by_market/2690994.csv.gz,10714,1782471304,1782792665,d109d6ecb4c2438abb576d5b47b9982f556b1f41749901c8a1612fd359d38b80
2690996,regression_ready/prices_by_market/2690996.csv.gz,10706,1782471304,1782792425,ad8dbb2fa97ecb0c2eba6fbaa27e31fb685afea220df3adbbd893c37b152325c
2690999,regression_ready/prices_by_market/2690999.csv.gz,16188,1782471304,1782958984,9c03a48a14c8921c1d1f19fa72284c970626ad823cac8ed3a87f8480d2870dba
2691003,regression_ready/prices_by_market/2691003.csv.gz,16186,1782471304,1782958924,f6f525ea77b403fd266630131fdbc932c16fb7751a437f69051bb200cb64a7d1
2691004,regression_ready/prices_by_market/2691004.csv.gz,16186,1782471304,1782958924,7018d9e2675c04dafb3de8d300f6821ca7e0672fe3e19200c81ce986b0a965cc
2707623,regression_ready/prices_by_market/2707623.csv.gz,7390,1782554884,1782776524,30edb18397da9c6cb8ace726ca2d8d5dd72ceb459dd68d7a904bd1d130218a86
2707625,regression_ready/prices_by_market/2707625.csv.gz,7400,1782554884,1782776825,313a15d3e48ca58374749e4acd3ac9d38fe15708c44b1ebee87fb85392487a27
2707627,regression_ready/prices_by_market/2707627.csv.gz,7390,1782554883,1782776524,c72795f0ab184efc7351eea94e5adf80bebcd30fe288b310be59e44ff5eb7c08
2707636,regression_ready/prices_by_market/2707636.csv.gz,9734,1782554824,1782846784,41074303b8b75e12b3142e5b24edd12fca754bafdd0f5d9eff9b3d567199e1a6
2707637,regression_ready/prices_by_market/2707637.csv.gz,9730,1782554823,1782846663,82a6608fd2e725851859e4a763564e807680f5a70eb6c96afe98c03dbc7fe9fc
2707639,regression_ready/prices_by_market/2707639.csv.gz,9742,1782554824,1782847025,532df0671bd271b3cefcb3b56817aad05e4e9d57a2573a36624d96a8a39e3075
2707644,regression_ready/prices_by_market/2707644.csv.gz,10212,1782554704,1782861005,c928780c8aab537b364bafb965fb302968690e347fa7140636b0194178989614
2707646,regression_ready/prices_by_market/2707646.csv.gz,10206,1782554704,1782860824,0ca2680d269573c90c3a473e02dfee6740b04db069b6d5e772a5b6e9c120f160
2707648,regression_ready/prices_by_market/2707648.csv.gz,10206,1782554704,1782860825,813956cdfbe0069fd0827ecac75e39e5e4d4cb7d900c721ec692d4bdfb58fc3f
2707653,regression_ready/prices_by_market/2707653.csv.gz,18536,1782555124,1783113245,f63f34b975f9929dd92d58d9951b3592fcc54c6e490d0f6296f5e7339bcae71b
2707655,regression_ready/prices_by_market/2707655.csv.gz,18544,1782555124,1783113484,a0e1081f6af68595a65fa8c884a5921037ca3427cde013f190acac396b4cee00
2707656,regression_ready/prices_by_market/2707656.csv.gz,18518,1782555124,1783112705,82a3a747437bee478f4f92a5859c9445f409f54d2593decdf940f26429b19027
2707658,regression_ready/prices_by_market/2707658.csv.gz,18974,1782555483,1783126745,c118582c7a2fc7426744a5d3f21c5965ac24fef828bde1083380d9079b7f6433
2707659,regression_ready/prices_by_market/2707659.csv.gz,18984,1782555484,1783127044,58df8c3b40beaa9cdfbb57e6ecabf1ad9057f9f2176a745abb7a6f0e6af50eea
2707660,regression_ready/prices_by_market/2707660.csv.gz,18978,1782555364,1783126744,dd5268f6ef7f681c1ebb7d8b28aed2004c69f1a8ad3992d1a1f33ad3e86a1f1e
2718892,regression_ready/prices_by_market/2718892.csv.gz,8318,1782641225,1782892807,038f1caf2600d18f5d9327b8ce5e2f5e79f8f1b1fb10242a742254e212f0fdb6
2718893,regression_ready/prices_by_market/2718893.csv.gz,7926,1782641225,1782878945,ab4724fec74230977fab37c9819499d5224b5a45ab0fbca90657f5d786e929a7
2718894,regression_ready/prices_by_market/2718894.csv.gz,7926,1782641225,1782878945,8a61b0b8f11694d614047b76e039cdcf46a3e032ed9a67052cf04a9da3cd28c5
2718900,regression_ready/prices_by_market/2718900.csv.gz,9570,1782641224,1782930364,e6e21fbeb86bb1bf1bda21b77ef24582336fd967997a118d9982faf62eb691bc
2718902,regression_ready/prices_by_market/2718902.csv.gz,9548,1782641225,1782929704,8fab1f7be10c5a37da100406bd90e4c466b00124a0e223a6744b8442408acf6d
2718903,regression_ready/prices_by_market/2718903.csv.gz,9548,1782641225,1782929704,658c07ac71326602664722174a6b365f970092cb2b64827bc889226fdbc409df
2718907,regression_ready/prices_by_market/2718907.csv.gz,10118,1782641704,1782947285,a6aa7f547745229fc60f6da8d03b765569a6bb02616ce69afa050fc366d8408a
2718908,regression_ready/prices_by_market/2718908.csv.gz,10140,1782641704,1782947945,e15ad09a568f6753efbaec0930f238d48793021f5a14fd9349a48f44da5e30c2
2718910,regression_ready/prices_by_market/2718910.csv.gz,10118,1782641704,1782947284,0fb7916a69492e1010baa057475792b7dd47039f9c201e0d891960ab4c3a438a
2718913,regression_ready/prices_by_market/2718913.csv.gz,12800,1782641824,1783027865,3991b3dd2456a574767b4abe32748c2bcd56991727a29fc90f6bae10c2f124fd
2718914,regression_ready/prices_by_market/2718914.csv.gz,12786,1782641824,1783027444,9f9e1f264cc5b7ac889f58ac079199ce4f3b27d8017f2d37c21518854c79b5e5
2718915,regression_ready/prices_by_market/2718915.csv.gz,12786,1782641825,1783027444,c9b882129e93d46534499f619f26edeaf6185ecb23343d0cb916654ad7b3c863
2718919,regression_ready/prices_by_market/2718919.csv.gz,13279,1782641525,1783041965,b27986194f16b3c4ed8b6eb5c8a35b82baf0bd5ec162e1fc1c1c52b78fe293a2
2718920,regression_ready/prices_by_market/2718920.csv.gz,13272,1782641524,1783041724,6096c6daf8133884abcffd012a2d8e2e6fd589bff8db3353325a5f00d299944e
2718922,regression_ready/prices_by_market/2718922.csv.gz,13270,1782641583,1783041723,c505f7b450cc02c18ee25b005cf6b7977c5d511be3ba4bdceefe5232cb330d26
2718925,regression_ready/prices_by_market/2718925.csv.gz,13758,1782641225,1783056006,575785c0a8e07cae901e8dd317f85d3bd2b29439b83068896f521784a23be5a7
2718926,regression_ready/prices_by_market/2718926.csv.gz,13736,1782641224,1783055344,4863f287912aa7924e7626434bb90a6d3faa6cb0ad16b05317a86b04b9dea53c
2718928,regression_ready/prices_by_market/2718928.csv.gz,13736,1782641224,1783055344,406d5e8472c65d6a8c6856ce4d116e3d6932dd04471d646e644fbfd2c58c6a2b
2718931,regression_ready/prices_by_market/2718931.csv.gz,16456,1782641284,1783137004,4c1ef7112be323eb82a57a7fc89e43c6467eeaa83e9811c429ee1448ac88ab6e
2718932,regression_ready/prices_by_market/2718932.csv.gz,16448,1782641284,1783136763,4d150b340009efd61d1e10bf478e45b2928705ee8115d11ab9bedf1a8cee97b8
2718933,regression_ready/prices_by_market/2718933.csv.gz,16446,1782641284,1783136704,52724322c04d3653f0b817d06fcdc488a383a9c09023bb573434ad8ab4cac31a
2740917,regression_ready/prices_by_market/2740917.csv.gz,12556,1782813979,1783192684,5e5bfd249f2631fc7f07840a5bd326cb8ec7b924854c1929bad1df14e18f293e
2740919,regression_ready/prices_by_market/2740919.csv.gz,12556,1782813980,1783192684,f6436aea5e68804b6bf5bacbf00db55a51434a77d4c9e0ef9405531c3627975a
2740921,regression_ready/prices_by_market/2740921.csv.gz,12560,1782813980,1783192805,a5c7c72d4c1a49eba2143d8652de5cfc2502b6d7fcdbf8dff45277b5544cb67f
2754625,regression_ready/prices_by_market/2754625.csv.gz,10228,1782900245,1783207026,f5f176168ba653d19a2c74dd62d4a7e4c9522be576840ca3aef5af2f1eb6b551
2754627,regression_ready/prices_by_market/2754627.csv.gz,10228,1782900244,1783207025,e9ee2a567e510298444a832d55e940a1a48b2e0f6829c1bccebb2bf3f9f1b782
2754628,regression_ready/prices_by_market/2754628.csv.gz,10234,1782900244,1783207204,962ba3b716dc84bbaa0243edccbd3ffadcaac658d3fc3eb2f074f118f7e17c08
2754647,regression_ready/prices_by_market/2754647.csv.gz,12976,1782900544,1783289764,9dcbbf46ffa706f2fc49fb0f634b810f2369c2466c2b12ee1136d41d3ffb509e
2754649,regression_ready/prices_by_market/2754649.csv.gz,12984,1782900544,1783290005,7bb10e6d785b5fd20085202ec5a3e992e67761598bee74c951b9df74e67c2cf3
2754651,regression_ready/prices_by_market/2754651.csv.gz,12990,1782900544,1783290183,2b2ad71958f65e4d7f601ded76314165153fe89367695a2c45cd08b3d036ea74
2766759,regression_ready/prices_by_market/2766759.csv.gz,10702,1782986886,1783307884,65753fa9eea2b038135e40ef1bcd75e857e60a0a7f72dfe835da8be2d4f40aac
2766760,regression_ready/prices_by_market/2766760.csv.gz,10702,1782986886,1783307884,96928a93cf93226d0a1766ab4e326bc510729a5f14ea13f22fad4b82e238057d
2766762,regression_ready/prices_by_market/2766762.csv.gz,10710,1782986886,1783308124,f9b865362d04a3d1ada99aba6d4654eddd1ef3844848051c52aeade38eb8f006
2766773,regression_ready/prices_by_market/2766773.csv.gz,13438,1782987185,1783390265,6d2d473033163746560fac4174ceff3a23870b548acdd14fed63f4deb186aa1f
2766774,regression_ready/prices_by_market/2766774.csv.gz,13444,1782987004,1783390264,a460cb4db00a56ce5d2376737ef05c59769f66c72e3629e5cd25dc875d627501
2766776,regression_ready/prices_by_market/2766776.csv.gz,13444,1782987124,1783390385,12f02860e87f395cc9093b461b9f653ff32aa14bd091c8d08714c07f49a8edab
2781973,regression_ready/prices_by_market/2781973.csv.gz,9976,1783073225,1783372447,f4702ab79cbc49b5cf44833ba165ccc241e785da65be22d74de20d053b7eefbb
2781975,regression_ready/prices_by_market/2781975.csv.gz,9976,1783073225,1783372447,fb4a1487f2b5c8b1c8761229176d992f156d8d8c628305459e56394947653af3
2781976,regression_ready/prices_by_market/2781976.csv.gz,9986,1783073224,1783372749,5d4b1d1ff2292239925d0c6fcdf8237e46dfa06c154ae89984cfccf59db37953
2793738,regression_ready/prices_by_market/2793738.csv.gz,9646,1783159684,1783449009,ec707818202723c8aeb5472d5564817f93b132475d127d6c5b4fa5fa5ea12e86
2793739,regression_ready/prices_by_market/2793739.csv.gz,9640,1783159684,1783448825,f62dd3d3f1b1ca334487c9dd278f4bc29d22ae6671b8b38c24d6fdf4a24f172b
2793741,regression_ready/prices_by_market/2793741.csv.gz,9632,1783159684,1783448585,c0dd4e7fbcab4eb0193e733d114a9fe32567d17ee42b6dd4e730e86a92802568
2793753,regression_ready/prices_by_market/2793753.csv.gz,10204,1783159624,1783465688,d17f9c08cab088981ff75000c2106e2d9596a4900533ae677d83d4de3782aa83
2793754,regression_ready/prices_by_market/2793754.csv.gz,10212,1783159624,1783465925,e4f448b1a769c1f104b516eb90aa55ae8ae8425441c6fe0af4c53f30336be5a9
2793757,regression_ready/prices_by_market/2793757.csv.gz,10204,1783159625,1783465688,67b4f85b7375ba4202e28a34a0d0ce4bc419c99b18d8f54c193fb36b05e6092b
2804853,regression_ready/prices_by_market/2804853.csv.gz,13016,1783245965,1783636384,bae4e767837fd81d3c061a509c0b0b7199fdc3e57c6e498c24f7766adc4086fe
2804855,regression_ready/prices_by_market/2804855.csv.gz,12978,1783245965,1783635245,6a5bb47796f1cac5ff3396efbceffd01d8648a4deb67100232358abec3dc8798
2804857,regression_ready/prices_by_market/2804857.csv.gz,12978,1783245965,1783635245,ff4673d7a2dd3cb382885da19ac3eb882bba543d06098bd8b31ee9ada8983af0
2815441,regression_ready/prices_by_market/2815441.csv.gz,15956,1783332425,1783814347,eec5abb8ff69bcd59a030040bde7ff0d09364d579b5c5ef1bdfbd1fa68d2aa85
2815442,regression_ready/prices_by_market/2815442.csv.gz,15964,1783332498,1783814651,343a4dc35e4a18f8e280b9e85f68c37e14b49691792f2658ee3929365ecc095c
2815444,regression_ready/prices_by_market/2815444.csv.gz,15952,1783332544,1783814347,d43f1f95eaf56ece03a69b45880348709e2763755c13003c6a22a5b687bb9bb5
2829164,regression_ready/prices_by_market/2829164.csv.gz,9998,1783419184,1783719305,6359b7b3e4bb1c754d5c63d044972c945c67a7edae7f02bd0b6b7acdb27de54d
2829166,regression_ready/prices_by_market/2829166.csv.gz,9956,1783419064,1783717923,224f638349e6168d4fc9d59a35dafd08bcd4b8d0679ab81414111c6391cb413c
2829167,regression_ready/prices_by_market/2829167.csv.gz,9956,1783419064,1783717924,a97ec300f77e801ed48efe67fe047094fa154d54f4b5ac45c4df77a8fccbce89
2844058,regression_ready/prices_by_market/2844058.csv.gz,10672,1783505224,1783828624,ff3995a997690e828a2b928e75058822da15a205497b0ab009e360e94c235f00
2844059,regression_ready/prices_by_market/2844059.csv.gz,10740,1783505229,1783830665,e56dc2da6cd16a4e82712913c5e97e144f8b217d9ab9ba2c741d34f51f240592
2844060,regression_ready/prices_by_market/2844060.csv.gz,10676,1783505228,1783828744,cffa53a6db1b7ba449aeb188d6b54e94d8151076a1a1902b1f7b4cead9ab50a0
2879968,regression_ready/prices_by_market/2879968.csv.gz,9976,1783764259,1784063644,0a3cbfd24b4a6f8def01172cf27b376f01b3eef72b52c45889f43294af610269
2879969,regression_ready/prices_by_market/2879969.csv.gz,9976,1783764259,1784063644,b07efb1c58bfdcf23f289320ca2d86c08eac56e177614d17835ee4bf9d4179ee
2879970,regression_ready/prices_by_market/2879970.csv.gz,9986,1783764259,1784063945,ab27d22e5a4f6b226f244f05029994e8831bcc67a3e392d77a4e76fa11677156
2891165,regression_ready/prices_by_market/2891165.csv.gz,9988,1783850705,1784150286,0c65d90b5e8a834c0e3b1dd4bf880314a85d4c6ca533f2a2f1f69133964c6dff
2891166,regression_ready/prices_by_market/2891166.csv.gz,9986,1783850704,1784150224,e50043cbe876e0f7e9b57fc2256b41b8d91ea78a636e3b8ac86abfe3394881bd
2891167,regression_ready/prices_by_market/2891167.csv.gz,9994,1783850705,1784150465,e053980997e0687e7cc938b16ac56b6e79d995b9e91632e41936a76dd7f66fd6
2941971,regression_ready/prices_by_market/2941971.csv.gz,8208,1784170444,1784416744,f5b8befcdf2a1058760acdf316165c6be21a343db37f31d15c04f16b3e592585
2941972,regression_ready/prices_by_market/2941972.csv.gz,8200,1784170444,1784416505,53e841fc2c0c6128b2594488b92ccdcc4e1947153dee09600acd362cf422224c
2941973,regression_ready/prices_by_market/2941973.csv.gz,8222,1784170444,1784417164,83515f9c0de1697e14cfaf84506bc9783963ff0e3d6111986116e41fefb560cf
2941974,regression_ready/prices_by_market/2941974.csv.gz,10960,1784170865,1784499726,a48cbffa564f811ebd9bad56ba48b8be0fb0b1a51ce2f412a201f336c3df3eb7
2941975,regression_ready/prices_by_market/2941975.csv.gz,11024,1784170865,1784501646,79aae88f5d5597e87b3b98670c4b5395ed4b119d772444b9d090e8faaf1ecde6
2941976,regression_ready/prices_by_market/2941976.csv.gz,10960,1784170865,1784499726,0e2093d8aefc0da68656f05ca2feeebecc10f9053085230efc00d65e8fc0f9a5
