market_id,path,rows,first_timestamp,last_timestamp,trade_value_usdc,source_sha256,sha256
558934,regression_ready/trades_by_market/558934.csv.gz,134744,1780272216,1784510133,42205591.1123359881392937,8535d7361276e111b07625eb957b11c83f66dced0df37edfaf58762bc6e5f7b7,6cb3017c5b733fc196f4a03ad9ef908efef8756b05cb413e5b42e3f0ffb9a8f1
558935,regression_ready/trades_by_market/558935.csv.gz,71847,1780272074,1784160553,13996554.1200043929563466,84d7b9abc4c310fd0af9ef1cb030e64b5b54f67754975ae76c0ebd9017afdcc9,14c4c7a42ec73613599d65de6b33610b6de73f59a620283e29986b81b795d66a
558936,regression_ready/trades_by_market/558936.csv.gz,152157,1780272260,1784074001,28014670.5370692834388613,1e9562cbf666c60f779972aabf860f5df9b86beb215df42759007341d8e19f29,92167327cce3c0cd894853ce7da827ea01e8462b63d17661d152defcb2868fb6
558937,regression_ready/trades_by_market/558937.csv.gz,37089,1780272202,1783300154,5281872.6390189068129243,7499633129c537f1ddde33f27fc2505178ab4634d046a0f3a2f9fbde62b05be8,29740025d2999b87821ad66fd880d3c35b93c67532908d38e3661e40b2a1673d
558938,regression_ready/trades_by_market/558938.csv.gz,154421,1780272298,1784510479,38674663.4832269105390231,15e0f60f26c60fa8bfabb29710f350d90da46bc2db14c3657e06296749785ac1,4147adf72ee770e45fd061d0932160ae8f9a32bc1c02bd43bd8f18347c003238
558939,regression_ready/trades_by_market/558939.csv.gz,31075,1780272044,1782786839,4542068.5963602796028955,db36a68ba574e77a32ea7cb15e0a234ea6cda612be749d892b5d0b493ced4e45,ccfb55bfc327e9bd287bc6904f313f1b67d468a121e728130a9fb4d6470efffb
558940,regression_ready/trades_by_market/558940.csv.gz,66280,1780272181,1783382927,9166318.7878091123374126,2b846e7b5e45222cf2228d577b818f25678b8f43429ba52bce1c88cff5682bca,12570053b12c75b30cffbf8c5cab4eac3dbcbd38a1ab78667edbdd2e4a75ea95
558941,regression_ready/trades_by_market/558941.csv.gz,42749,1780272020,1782801476,3003067.1223360279070366,95cabace7e7689698ecfcf26b7174cd32e7ee5931e1b2a7d9c767c2124d8782d,d4ffde8959b5d61bfbe0000fa1d9a7c76ad3380e4f2a7c6ea861536aba92c5b6
558943,regression_ready/trades_by_market/558943.csv.gz,44791,1780272261,1783400953,8120518.2044736459275537,0ca26df8085626dd8faf450c73ca50a6fa00d82ec431622c943d49f29a8814fc,6aff9449e8117b53acbea36aacadb9e994c0472b6035fc5109f9b0a6d1a59ec8
558944,regression_ready/trades_by_market/558944.csv.gz,16687,1780272261,1782537292,1037109.3556039013090077,4094efa909b79ee3f812f259465400e9e98c3f2631a9b383f5cedee6f4beaf7e,17e2d181ddf74fb79c04520919eb14b4e6e507b05b0370bf43f6361cc4907831
558945,regression_ready/trades_by_market/558945.csv.gz,37297,1780272232,1783317790,4233388.7905792487855840,db02692a826b86ef5e7e0ae879a520ab8b9c1244ebe63467e9950aa969d33225,bdf4f7da952c8f41af3641f14494d96a805160b752d327e4677ee6158c82a356
558946,regression_ready/trades_by_market/558946.csv.gz,36428,1780272263,1783727906,5820873.8124803399298714,281287d9ec114f32b487c298d513df8381a79923f1bef6a1dac0d79129765aca,a2114cadabd88129b2c683777bdc05a6afc4cd62ab8aed5e30c5dcd9e707c598
558947,regression_ready/trades_by_market/558947.csv.gz,31377,1780272260,1783473886,3426825.5937786091309144,da2ec8efa1b7956872a76f9c2accc6505fd64ed2ea2c809e5bcf4bd021fb38c6,6e24e1c0a98e963feccfc0f699cc69883db20bb673f6e328bae9c54631a43fab
558949,regression_ready/trades_by_market/558949.csv.gz,30367,1780272055,1782770963,3748843.2688044226106590,f2761140a192a6f14a3a1202707dc049fe942e900c951f73a7929437d2dba373,b48d52db7d426d9cd5c659588caf74b093beb046b42d52aa8bb5b0369d8c0dd0
558951,regression_ready/trades_by_market/558951.csv.gz,67610,1780272184,1783825168,7992182.1676248562626633,03ca1a8690a8847d4421ab8f27b7382c0a513e74cf6c3f70e4b1d18d07e8e302,fd1dbba135c4add03529a45a694df616b442fa4685ac0b11d06b04e67ee73bdc
558952,regression_ready/trades_by_market/558952.csv.gz,23553,1780272011,1783200299,1781437.7113132948015687,c43d3f056982c624eaf57891fee29e9394eb12fac012ab4941528fd38430ba72,b813cd626103bea07e1546f211624c7c070f51971ce267f071f014bdd7d37547
558954,regression_ready/trades_by_market/558954.csv.gz,1396,1780272230,1782032327,52802.802317,1df0480c6d125cc0885a3374408702bec7a0f426f69c741325a991ee2558f0c1,3fa388ab7b1f9f2371f3cb2b5b718a1e0071eb31ffc9d4b33e5e5a9278612dda
558955,regression_ready/trades_by_market/558955.csv.gz,21895,1780272022,1782888955,1391899.0162746327281062,fff8482842aac61e1c9ba9e5b69bc5bfa9997b6d54c47bf2c6862d8a3f8e3c16,2121d71fe800896fc09e844e81b0c86e38d47ebeb8c549f94c083a526af7096e
558956,regression_ready/trades_by_market/558956.csv.gz,17663,1780272037,1783214896,2004682.0702546275131581,72078715e0cc538524b7afde7ff451b138f8b617b54d108abd4ba926425d2dd2,1346aa8cf9faa06d15cc2def2848bc3daa190dbaa79c80bd2d6aea1d1bae8f78
558957,regression_ready/trades_by_market/558957.csv.gz,493,1780293452,1782535723,6665.00287,d01e858e895f22082a0422acdb48f02377de020adf4f4517ef321c8ef37f4b4b,c58171856d0d8ef35800196ce73baf8a163f3681c1913dc5503c1cf77eab9bf4
558958,regression_ready/trades_by_market/558958.csv.gz,15734,1780273745,1783122683,1154638.3207840616266660,2d89d25293e2a159cf84bfd19089410d2447679a3a9d72433c93c453dd01135e,57d900d8ee19963bf133861d1bcf45dd4e22b19163022c4deab83059ab31598e
558959,regression_ready/trades_by_market/558959.csv.gz,9063,1780272260,1782626596,350064.333279,cf7ad64f26d53a7ad508d5f9e318a47966e33b6a225596bad53d7ab23fcfb74b,8101e1e20c95015962784aaec4c734aae89851acdbe17145f6fd9d25a1abc2fc
558960,regression_ready/trades_by_market/558960.csv.gz,581,1780293277,1782590320,12339.504671,50330b6bf6a1ae0e5791d465703641f58d165ca6ff107c53e3e81dc637bea644,36333195c32187ba2650d8f754a20f0dfcd9b7399e253b9ce5e0e4d1237375ab
558961,regression_ready/trades_by_market/558961.csv.gz,15197,1780272123,1782618026,1178527.8479747366730252,460910debe9f478547b7b3d2b27c644b5491f0bdb28d0e4e33a3c71b52587f55,81157847e7d15af26cd7cc0cf9cfb6b7db15be454d9d3922ce59e42843baccde
558962,regression_ready/trades_by_market/558962.csv.gz,269,1780279624,1782180451,5640.47740,b2abe386883154d4ba3b7cc954c5755b2561f75232cbb0b0efa49de19565ff19,6f07e12fda4202ebd37c75953432f3e7ecf252c0bdd4a54e43d9ab65f5e77822
558963,regression_ready/trades_by_market/558963.csv.gz,50635,1780272001,1783645829,7935101.9292302727879307,23de611d409a9ffc77a5494b915aaa65a48ddda2658c5bceac458f6230a0b13a,11c27da17700b13296cd1d090e6716626636381588da257de48fdfd1cc336499
558964,regression_ready/trades_by_market/558964.csv.gz,687,1780274004,1782689612,15160.83388,d55a1e9f6e189e0224fec0ef7e7c15cd53aa6fb65a390ec81ad8ab7972a3e569,d24ab3243c4f351b9c1967372dea4da7d366128db2520346c2c911b6ad1c5e49
558965,regression_ready/trades_by_market/558965.csv.gz,19541,1780272008,1782954806,1456798.2349300235818304,4c206eba6a7d6c6f4540b718e40d86a953b3fb766a1427e2c33e2b0b6d7d2a85,df9e95568423f1b348a13550353843bc1b323249e128e75d4e1f68d27c7279bb
558966,regression_ready/trades_by_market/558966.csv.gz,17198,1780272263,1782856634,1225146.1681312378411750,c0a846d95dc651e828fdd8bfa9c5de9349648171a880e1ec7ecde0aea7c71c51,4f5e31a70ad13fd12ac99026b02078e414419f334b4331a2dcb9d6402c9bea19
558967,regression_ready/trades_by_market/558967.csv.gz,19201,1780272261,1783146070,981302.1334766166304869,1622377f94fb1ba0796c586c929757f1e63f518da2bb6004de550a4dc36ee088,8abaf1be4a11b65db647ea0ddc3c515325c0fa5142dac02717c0e6de9a2fa8a6
558968,regression_ready/trades_by_market/558968.csv.gz,40668,1780272265,1783458476,4211783.2500793349782124,1375e9ace278780594f53f480e868379ae267f9b2b1206a39f4f9360059e14c5,ad4075627cbc11d6dc63b192712140598aa54cb4f0e00b839fc8fa62ed8f392a
558969,regression_ready/trades_by_market/558969.csv.gz,12540,1780272261,1783064414,442310.792440,1512453c02a26dadc65fd7dc84b756df49c4fbbd012a6933bf61c4a8c4b5f6ee,ac71a3f2f349d1ab641ca12914c9bb51110bf1733085b8e020472119ab0b81ca
558970,regression_ready/trades_by_market/558970.csv.gz,6322,1780276176,1783135834,228984.0321307978060942,e0b529c8d6b7f2a0a346becb500dc492dc0245ebdb5c169daaa7df618b45a745,65724d39512865e90ee9a189976b3b5f6f855df9c8775053b3f1fe3b270519b1
558971,regression_ready/trades_by_market/558971.csv.gz,427,1780276169,1782337093,7788.79965,14a52f406417119922aba8bd1e2e4658a5fab13f18f69f24844ebd2e9eb3a41c,28d66b6c3810d839a8d5dfc7b2e0c826a5ed12f29d802a04c975c9c8ed25e3d8
558972,regression_ready/trades_by_market/558972.csv.gz,1014,1780276034,1782527164,24696.343585,4925a2d53231546d211a04c674e60434df4586863321c7c14191fcff33169fb6,ddc1b132c5a938c34f8345f18b9b3415f556a3b54fed2424ec1e8978f92c670c
558973,regression_ready/trades_by_market/558973.csv.gz,17947,1780272261,1782587513,1046782.8645274838619351,13483abfd61c411da95e7a340c1d95ae951ae40e2a663e2be470a7be118d3476,eeec717f2ad4a7ca32fa9825c967c7bcd23bf018a9a0c3ca069a4a4aecaf09fe
558974,regression_ready/trades_by_market/558974.csv.gz,54824,1780272260,1783837363,8324602.1690985889103100,a422db5d6f8d67d2fbda56dac60cab8d67a6d378d0bd687ca568fd9c9ebb4c92,783f225339780b706119ccd6f87a6d1a4a5a5ba36e0c1e6f254d39fccc36d025
558975,regression_ready/trades_by_market/558975.csv.gz,17037,1780272265,1783035371,2283592.7816914087096269,4ecfc0a381705b7310a87d29329ebe18f74b89406254af260617be93b39ed9a2,4c453f13712eec6581838750d9ad8a3b4af3848f62944e566e935af2f4821c0f
558976,regression_ready/trades_by_market/558976.csv.gz,26980,1780272006,1783052467,1757609.7857915362816035,5495039c13e60a3ef696eced8a4405bf8fed8346ca893a493a6fbac37ceed1b5,00edc06cfc02921e63190065ddee990b2d61bc75dc36da8d8c888e55116e2aa9
558977,regression_ready/trades_by_market/558977.csv.gz,269,1780332054,1781927062,6430.58966,2de5f72400d63e6c3c06a5868779acb7a7f51560ee73ac5b0063d245ae367972,e1541107da38c354ea33b5ec2f9055b0e8bcc4bf87aed9b63e627434f5d044d1
558978,regression_ready/trades_by_market/558978.csv.gz,453,1780296872,1782431300,5167.53990,081c0ceceb8392e839f49d9e0c0ac06496585652de8ca580a95fd21e5957d959,fa5cd4ae9ec0271abd5758a8760fe1748a5ca3d428d3380f0ff4adbb72683095
558979,regression_ready/trades_by_market/558979.csv.gz,298,1780283757,1782221587,4855.06792,507040586391d8142a3902272297fee619d413dc6cdb2935a0d10469e2a67bd0,21a992e13a54e94103a8efefc0ad927513c4fecd5366a6823e143ff3b602613a
558980,regression_ready/trades_by_market/558980.csv.gz,15912,1780272032,1782871339,2479400.1602547735660936,43d85149c5e9a276b38ce3c5fbd628ba4225a673cbc233f2d32443b704b90e79,5268acd8e888a5a3e0acbe6b35b11f6e75a7d68a6dde1466350ec342a7b8fc4b
558981,regression_ready/trades_by_market/558981.csv.gz,10255,1780276192,1782940157,16383106.2372442152652271,0a666d3ae7587bbc45ca4f1f25be30e9ae27766b0c780df9b6e391201ab6b3fb,9e89ee3b22c52dd1aee8381a9aad40aeb9b928456139e87af637ad2140448150
558982,regression_ready/trades_by_market/558982.csv.gz,344,1780273693,1782480912,4899.78555,dad3589a78378cf530075ecb47e6818e66879a151368d9971ab4f9faf4979eb8,542d05b620e9d63cb898e960fea3e49650432c46819c419b909720fca830cc1a
558983,regression_ready/trades_by_market/558983.csv.gz,14025,1780272149,1782965350,598571.8672238359117242,6821580a8937987e429dccaff06d7ba423f58a350a94bd417af8470996dd18ce,03298992370955e49af85b0263b8466b3df511f38604c6433a0f1084f96b1e42
558984,regression_ready/trades_by_market/558984.csv.gz,11385,1780272265,1782350909,633390.1814662997783248,40457a89b63bd92db392bd2195f81d9e8cb18c3e4fa94db819793bb0181259d3,bf890a623cb324e0b4ca65b1334f0b42bce77d5e5bab33191ea5467f40fb2882
558985,regression_ready/trades_by_market/558985.csv.gz,11106,1780272375,1781938238,718539.5328975735614138,2ebd44351e08782c1bd25eb73c18a976fbad46441a1be22bbd2cf58122404876,7a6d42d107b0b5be43a4b296294ccb0764eb09f9e0be0ea50ab6a55c726c42a8
1897034,regression_ready/trades_by_market/1897034.csv.gz,38310,1780272016,1781220753,6544657.8990719211508517,b88eb5ffd26f5e799ca78974960c6115507fface29ee61e39d8f49ac8c068e42,9021c86dea2e3b16c9fa8bf4ec8233e5384bb8b9daa6363cc3ffe44e16aaab4e
1897035,regression_ready/trades_by_market/1897035.csv.gz,5542,1780282492,1781219212,355107.0220152588465943,0e1bb401e628756895f6f553e0040b23ba98df5d84eacf815585570caecd1531,017b89cf636349825c96271bf889aa2c92fbbfba03392a2241b3a9c2e073144f
1897036,regression_ready/trades_by_market/1897036.csv.gz,9387,1780272051,1781219220,1155067.9671016886808743,3c555abc02fd74b2b84fc3a8f6d9f1c0dcdd17cc7c2a283084cd34f97427b18b,b43ef1758ad42fe2aa510c111a80b7a52fb46b1a29d493d465869305bdd105b9
1897037,regression_ready/trades_by_market/1897037.csv.gz,33875,1780272204,1781245414,6015805.9161550457622885,ad820369a3b48fa0540d3ad5ef8a7fc07dc5bef65e4575b8ee682a2f5e9d55a9,0214b188c245300370636e2356b9b0f3dd3173e2d8c478101e8215eae882b343
1897038,regression_ready/trades_by_market/1897038.csv.gz,10434,1780272702,1781243902,826707.1062272352098000,ed981e02b715aa66a93e880fd3ca48a54c46e40fe95d131290f4ee8bf29074e3,3024a1040785738e9b189b0c2783f1a9c8d9fe1b53b59780adfc59f3952f07ed
1897039,regression_ready/trades_by_market/1897039.csv.gz,10758,1780275718,1781243910,994577.7620772637477854,1d4c94b422e6245a9f9dd0f302735858381dcf1c7405aec0b1cbf6c00c7cb8fc,1bbbf409f03575f47ddac88e9168bae1cc479bf8092e64df1f21365aff98c8b7
1897040,regression_ready/trades_by_market/1897040.csv.gz,35493,1780273997,1781305146,5621547.9574670600703046,b37b3a7ac67a456e458e9cb40d34d3798a1fb722b09351db2d0e4265bc957ce7,4d135833268d907a58c005e2e184f70548fe7491aae5a455d87cb4ee33e0d236
1897041,regression_ready/trades_by_market/1897041.csv.gz,10722,1780277081,1781306739,999554.8682715128464966,d1ea557acc5d1a6911c1bd652b22c0ff89d9937a6877d27abcf29bc39c11264e,bd80cddd2caf1ce2e06207977ad6d6844f0188afaa2fb5769d4c929603f0c574
1897042,regression_ready/trades_by_market/1897042.csv.gz,16429,1780276047,1781304891,2561290.5694044510470984,5502b2bea29cda650cb3b11668eacbac07141b074e06164eb8cb18d721659210,6cc001d0be21c55b80d0586291772321baa231f08d61c4a0edd10a76fd7638bd
1897043,regression_ready/trades_by_market/1897043.csv.gz,52047,1780272961,1781329785,15612246.5309127275778147,4a1c235742a91b8cd2464fca1a6c3ca56358f84e0c3f27c4ea033c5c3bec7ea3,d33838e9440f1bce56ee10ee9f62518afb28f2011c1779fc9f38509e1bef8e5c
1897044,regression_ready/trades_by_market/1897044.csv.gz,6550,1780280192,1781327047,1765877.8320316958682825,7e0b9aefc1b3525968477bb9646897e747045ddaeb78131b871c673e06600cf0,f7cd26828f3ab8550d016417639e68a8ec2cdcdd432df9f88a3f9e283c91011e
1897045,regression_ready/trades_by_market/1897045.csv.gz,10851,1780274675,1781327050,1934345.6175334640907085,62bda30c2bd7600e21dc50406ee7d70e6eca8af2eab415504828bd37a42a0903,c5284113ed6c9c7c46241be3cdbb2e81703356fbaa2ec2a5ed47630d93f61d36
1897046,regression_ready/trades_by_market/1897046.csv.gz,11236,1780282180,1781391486,1645126.5875810450747731,5f9f67cc857e659e25ca0b65854fdf12e2f0428e2994b5f58d4cb817b58048f9,304988fd14b95e1ea175a6dcd6ddbf9f64eb6440197f008801a2c57f28a05f76
1897047,regression_ready/trades_by_market/1897047.csv.gz,7188,1780280906,1781393604,959899.0551729062748829,4d400892343cb2b7408a8b9795554e38ae1fa20976d68e54e9c587c59ef18575,cd286e921caac79ddc5d6c58350821b5547fc310b185298de0325cd9f5649712
1897048,regression_ready/trades_by_market/1897048.csv.gz,20792,1780273243,1781392021,4408081.4311665463590452,a86a6d00a96dd496df633e46a22f75c59446514f86da2e24ad0f72a81d338f68,53b78c0b05deeb697ed2c1e0a4c5c8e98e2f0c1291d31550c7f8468319ce90c5
1897049,regression_ready/trades_by_market/1897049.csv.gz,47492,1780272212,1781402721,7580884.4785298189222468,3b23d08217a0286da70b6b94ca10677405cbe62805752e6a512876cd86dd91cc,fb153f81a8d920d0f3aa223b1310dd6da950948b2b9eadfaeeab3255dbc7442f
1897050,regression_ready/trades_by_market/1897050.csv.gz,13466,1780287215,1781404380,2359898.4523031046464608,073e698be6bc1d4c536289ead14bb4188e579ab821e7184063e606cb3bd90afb,2663b1847a8ffee10754d881caedc06946c4a9ff42de87d431d45e348ef32f99
1897051,regression_ready/trades_by_market/1897051.csv.gz,21804,1780272069,1781402440,2085014.9787236843229576,195e7bc8168471196dea25946cd49152d424682e77ee36760309513a009b6426,10d85586c4002942a47d39566e71157200224391a55706ad2eb720ff73da26d8
1897052,regression_ready/trades_by_market/1897052.csv.gz,7039,1780272076,1781413437,1636757.4653509522296707,e63b66cb64fb3b4aa22bf2cda015bf776dd32d5649ee6b6defb31733074fe0c5,f0fca2d061129acf9b1b6b2c7f29d326a658a6338765efc2a5e7b60d44999a28
1897053,regression_ready/trades_by_market/1897053.csv.gz,5582,1780287236,1781412657,684776.2128642408390588,59a958e753485dd8e870fc20ad2d2b1402d1b34593a44a8465b8b3a5dc7f3d2f,b2de8d9cbe567cbbb24aebbdf18a5b42a4edb8773d7b3e530b9732dead61e966
1897054,regression_ready/trades_by_market/1897054.csv.gz,31266,1780272214,1781415217,9858720.1582850096906493,3214dad906a4ded8fb6e09338221cf022f5c3e0f697fbf772ed74c623567f9ba,3a9879598f6dd71509b9f9e4a448161eee8fbb17734ac8325c98243c23a4411a
1897055,regression_ready/trades_by_market/1897055.csv.gz,13329,1780284347,1781425579,2075356.1635722106291534,00f3f994d0820077e8d70c003d5a25bd9ac8c453670eab0482e10681e6bca551,82b45b72224c73a2ddd9db486439a54392f6f76e22a9cecef1b1eff2dfc82c3d
1897056,regression_ready/trades_by_market/1897056.csv.gz,6682,1780287257,1781423833,724267.9721187360336057,939d91bf74ecaca9b4b80a48a7c9f5c3fa26de8b63febb8df217c5a0138f7881,2b14baed16f34b1e1dc19e90e1c79557ad7be47134d9192ee17a4e53571a6203
1897057,regression_ready/trades_by_market/1897057.csv.gz,21540,1780281528,1781423829,7296345.5029292332692819,61f42f172b1c2f478a40287746bc3eebf5a1e4fa4f271f4666809c7a56a4d54d,4f2161db5fb4ed16161fd9d316e65fc80b3f18df139e0aeaa8eb9efbb3eae6e2
1897058,regression_ready/trades_by_market/1897058.csv.gz,20609,1780273346,1781472625,3993738.9870552848665531,adf75826587ebad4152f56052a55294e759d13589eaeeb578a9091f21b5489c3,f208e92684a4d17f26c9871ae1be8eb385e2fed74c2b7db5b6b62fcda5d95dba
1897059,regression_ready/trades_by_market/1897059.csv.gz,14783,1780283803,1781470693,1842457.4276273406169731,b0e2d18e936d4b44b0e81fef7291a663c6cab052d559729e860a2081d92365c9,238dc2c6a7a334ac96fd8822ed018eddd74ae43ace5e4146128238e218e2766d
1897060,regression_ready/trades_by_market/1897060.csv.gz,24144,1780301621,1781470861,5052997.8292570725262743,6658bc654bcbb5f8f45ab76ce9ba122ce710ee28b12fa03abcc5bd9f8331e86e,efa05a92d221f7450f6ade10c2f8a5e3daa3e70767d10b9d96b343ea207df2c8
1897061,regression_ready/trades_by_market/1897061.csv.gz,35996,1780272814,1781482897,10443641.5102298596625731,a44bda59b5cf8107e2011bafe3201739b2f0c5061d9f07655c1b3350a9adea42,bfa4c0852c7cade42ff7f89a8b9f514fb8886de88d158b044aa959b2320788fe
1897062,regression_ready/trades_by_market/1897062.csv.gz,15710,1780287313,1781483382,1485792.9345704506333635,04365ef7089c667ea18d29d9ef266c38e335a6ae4959b657a7166335ac909883,51d90883a03b8a4e033249ad4ddae74b5963c0b3d76f3d06d0b803751426648c
1897063,regression_ready/trades_by_market/1897063.csv.gz,20682,1780277042,1781481997,2231541.3607954294420612,3d8f2c9028da5f9d2f0070d6b5b1763ff563f170e93ce8501012e6c04e290626,0fefe8f2591f1d37ce991c1faf491fa07a24805202445f07ed21397cceb4e7ad
1897064,regression_ready/trades_by_market/1897064.csv.gz,14748,1780290304,1781494303,2856644.6303627603233269,7113797ab08ba4431c146f74d5918767706e46637d6be15f81a8f58ecb550f8d,5db439798dd7f4861aadad8fd6e7e1ca75098999008a593c15edb9003c18e01a
1897065,regression_ready/trades_by_market/1897065.csv.gz,9607,1780287336,1781492695,1102310.7080256007999098,623ce45d17dcd6cc99946f685f88f2900fc671dfb8079a0654b5bd5bd69dd113,205695fd09a3914ea3a3f1eca1ef2e9c9dae60773f72de84ac865ae38bf1d0c8
1897066,regression_ready/trades_by_market/1897066.csv.gz,22292,1780272860,1781492799,3322495.5292306275528828,8958d3b7b14d6ac26fb681f108686d69db84496d2a196740b27943f55f107f95,aaef5c207333ff85efb23c718d8c26612f5233f39727169e63828238e2a4d875
1897067,regression_ready/trades_by_market/1897067.csv.gz,27955,1780272046,1781504802,10185845.5694676364380039,6c80059e4f8ee1cbd05159570fa40fe13ee4e514c33f4f4b2318cbf7dd3a7b5c,c521aa5b3d1ebd678ef29dbff57816b4537be61e3cb8fd860d8c7c2c9a18d765
1897068,regression_ready/trades_by_market/1897068.csv.gz,5903,1780280024,1781502988,400994.8684522987789983,11a6f7bee2f86500d16a4b6bcc37d7a932d8e66414691e48946089502cd3bf8f,4e77d8f17457972111616edb1dbb6fa555b97700aedf7de71bd0285dbfa20cd5
1897069,regression_ready/trades_by_market/1897069.csv.gz,6215,1780280016,1781503057,936220.7406731410806031,5eee5480879d51ee77eca25557ead58f869be6b7a9d2b55ed7306599b5b0d16d,aa9ab79ef56bff6067280eb3ab963fceed5144cdfde817862f59437ae0f071c8
1897070,regression_ready/trades_by_market/1897070.csv.gz,32308,1780279067,1781553508,10629010.6272138118540956,25c07f5fa5d00259b6f06dc64f8182aea6ef84814da20a14b3e0de4cb252fc3a,d6c7c6bf370dd3456e2ce9626f085e86ce87bdf96afd25496158bebffd35571c
1897071,regression_ready/trades_by_market/1897071.csv.gz,17258,1780285269,1781555116,2271910.4249195413078533,6e254e1e8dc5440f857ec84b95633234b93d663b7b4f5ea4319d3a5f4517d184,7b56c0e7b2fe0331925a1e86d2a60162f14df0cc004800efe26e26784f2b5b57
1897072,regression_ready/trades_by_market/1897072.csv.gz,13312,1780294072,1781553514,1907011.0110662529477349,5aec07d8d984c6f65c490afc207d32744a27e35110f1580599b2bc35950c613f,5e8bc7da3b339093e8d56eca3518625d6879d7ea7cb3719625ef652d2a593c13
1897073,regression_ready/trades_by_market/1897073.csv.gz,31056,1780277802,1781574769,18446333.7701604259159034,24296750c0b46813f429c1b54c5da6d466d679f360cd5e9af2e3b6669451a1fb,c84efb3adf3cda69d6c985327338e5c2758d62c6d1aed0d7855395485e3d4163
1897074,regression_ready/trades_by_market/1897074.csv.gz,15994,1780276384,1781598799,1652920.4710664116928800,040e09dd00b884b14f3bd8164f4dbeaa74d34dc3c37197b3fc72d4357517b4ca,e83ec8226782e34c373650071c12b340461bd4107d0f2626360436e7b9b5f551
1897075,regression_ready/trades_by_market/1897075.csv.gz,14585,1780272095,1781564380,1325484.2222109008994393,19bce1d7fe3724567fbe49b8635af8163c59bd8c9c00db1955ab0592eaeb1092,f5932204e12c7c5b587b15960811a5d645350b18109e2d1ed772095f2f40d7d1
1897076,regression_ready/trades_by_market/1897076.csv.gz,13824,1780272109,1781575600,1842427.4358208696770854,2f063b6512939721929dc33f2a1cc8c66cc04b9e37f2d6c7dbe89e3c60f58681,f4bb1e162e8291fa5b5f3438db7a6caa5d959070a09d58a961906fb07fbab20f
1897077,regression_ready/trades_by_market/1897077.csv.gz,12862,1780326282,1781575605,2703986.2845653540486186,df0917a08272d0ffffd262f4efe60d85515227c913278b689ff33fcb820f4e99,ad3ba3fef3c5db15df657ed7742f2eb522f5299b12e891830ee6e006d1ecbe31
1897078,regression_ready/trades_by_market/1897078.csv.gz,23002,1780279186,1781575207,6260885.6400646581872574,dac107382430e4ac53dc686e0e8b5e653730274afa4e08acced62c834222904e,47be608b933881fd16a2208960711f584065913b9f82781932c3544f2a44721a
1897079,regression_ready/trades_by_market/1897079.csv.gz,23849,1780277819,1781580178,12699263.6895667876481603,04c98fa423937448cec3bafa6136b02f5d734e2b0b1241ced2d53819d6fe492c,69ae1f4b6dec75d5101df26e43f5728b4e9bc4d92cb1d6423f7cc9980629db6c
1897080,regression_ready/trades_by_market/1897080.csv.gz,12012,1780288426,1781580637,1757596.2031048659395801,a1b19ebb794f23685ed6a4c92736b220317a932863abe0a8d3e768b304fb13f1,f3b67df7c9f04a3deda66983c307720ba39f85aa7944b143c2e3d707876b5ffe
1897081,regression_ready/trades_by_market/1897081.csv.gz,13276,1780290922,1781579722,1368540.5722089481298092,f7f4a3956f8b42277631fbd03e7194071d8b0e57dd3efc6f65500a2651547bee,e8fcbacd9c2720517a9b920b8766c9835857a933a3504e16884029e08f886860
1897082,regression_ready/trades_by_market/1897082.csv.gz,49623,1780273038,1781645491,12522279.9932101589445739,f01a3d8c0eccc7a4328621f6ccd0bb7c25837d8cb1c2304bd21d58a1b80dd5c4,7d33a704fac67e84738fae4d9a0eff166fd61a39009e5189a79d1d2bbbe45475
1897083,regression_ready/trades_by_market/1897083.csv.gz,14883,1780290925,1781644669,1035565.7759784307251605,95f56c1d97708215362c398fcc89d8090c759cb02bf3b4efce19f75340d4fd9c,8f07bf2e6ec820b1f261fe79d3e3464c7013fca808d047829530c593cb2b6f26
1897084,regression_ready/trades_by_market/1897084.csv.gz,12305,1780272114,1781644664,1651896.7954835151555701,59ce1d29481a00e5b62d55689cbbcd36ea3e3542ebae4e2b8b9f48100974fc1b,dfd21c0326fca28506b1a80ca32ee5db7bcb3d2eb10e5938b94fb3501c5012df
1897085,regression_ready/trades_by_market/1897085.csv.gz,9873,1780289021,1781655167,1085779.6157582548681921,17cfb652a24449d7379a96ced22589d2d7c43334c4504741d0c98368d2b0e72a,508915382e010a04e91dd039f5f7aed6694ff5dd89fc5523960ee4dd644bdd1c
1897086,regression_ready/trades_by_market/1897086.csv.gz,10890,1780290927,1781655146,650804.5718329051752191,e38dab537184e77e0508860392604e2f7ef29620b0d0e650448680a7ee7a2654,859052c3da4414ca696b90af9df2d799a14ce385d902d598870185e0d04c395e
1897087,regression_ready/trades_by_market/1897087.csv.gz,14334,1780283405,1781655445,4122137.4433691330825015,4f31aa33bb65e68b74651c108a1be6bffbf994d42a578be5f54db4ecda57172b,a7f825adaa201d02d97dc4b58095e1585ebf7cf3af03190b065dd8ccd4fa50ff
1897088,regression_ready/trades_by_market/1897088.csv.gz,33348,1780273996,1781666877,11127404.0315667268562921,fb4d5394de084aaa961433acee6bb32d44632a4da15bd72efcec56d556d3c530,787db6f8b4e23dc79df9605537bd1932706b4de8aa23e047e0af2f763c9eca4c
1897089,regression_ready/trades_by_market/1897089.csv.gz,8707,1780313663,1781666145,599279.5202790086774613,848f941a48e5c402a799ec799a46e90edc3437361f4e39bcc0f596f38510e828,1d933aa268c0bca3a43b586c23db6c06e9363605f0024499cd9c3251a9668b4e
1897090,regression_ready/trades_by_market/1897090.csv.gz,7555,1780274272,1781665965,1338419.1251080505808414,ec6b8a02b81692a6bcec74e95edc9c75e45abbfdad35fe1f8dd8a5021cebdab2,3b97707fc0e8956e11cba512ea65196ae51cdd3d916e1bcdac8dc42d56d24247
1897091,regression_ready/trades_by_market/1897091.csv.gz,19194,1780273502,1781677622,3551266.2484923810224231,1dc55b9aac5f73025b997a8a41e55d4e094406870015d81d94aef854aec2bfa4,772dec8dbc8b5818f6335ce145e67e657cba8101905e586a79a543b1e98268e6
1897092,regression_ready/trades_by_market/1897092.csv.gz,11570,1780290930,1781676989,786273.5833825604431246,39fccca5edb053774869f6d88d1a95a8ed28c7a1f03f5b30f06db892a009c8d9,ee8ad4fe438c1cb7e6eab80b58ab28ec1c037b1643b55a52d4f7192d3dadb914
1897093,regression_ready/trades_by_market/1897093.csv.gz,9020,1780281697,1781677094,1025672.6978920856228086,0ce17e325bade8856ae354652c66165221d9be4e808246239ee10c983b1e42c1,0d44626e4a4bfaff6ce0e4cabcc534aceed302235d2f629f915ae6b171951a82
1897094,regression_ready/trades_by_market/1897094.csv.gz,44209,1780273518,1781723875,7926939.5536064256006371,f6ebfe36d19e2116a2acfecab3ca6212c2277db88c7e79bb5555815c67627d00,8c4683fdb2e6ff692553da303308bc9e135ec8c0252b6a467f10a3ab72503b2c
1897095,regression_ready/trades_by_market/1897095.csv.gz,13873,1780291018,1781724629,2617639.8785484722101106,efaddda97882f154735b8f2100e7e3d2eb539fd12334167be19ddfd110e7b229,c50def30363ceddbb02a6b3dfd39dc74dca178496e71e5fb7566f30d17a6d1dc
1897096,regression_ready/trades_by_market/1897096.csv.gz,11096,1780282263,1781723881,1446302.9433228793303097,41728b61485a2a14dfe88efa31f7e5b9fd9aed7ee7f8820b0780da199d8eba1d,1334f4724266531687af716b631d0c2fff72e491e07f4fbaba61b029ac83173c
1897097,regression_ready/trades_by_market/1897097.csv.gz,29087,1780273441,1781735509,9182514.6490061113174560,1fa2dea048d0706167273f841248129e9dcca46729f5974f18f2c70da71d2a6a,632fbc03921773c91eee12f2aac9cac1b8b350a10e79bfe80652146e908b114f
1897098,regression_ready/trades_by_market/1897098.csv.gz,15937,1780291020,1781734489,1095223.2753792792325214,43371b0a47d337d4cd226c2f7dd56f4144a361ba625afc50224d5a8da9e3f49d,f2360b9572d03ec1202b30a2295ae696cb5b04c423ae905adcb48edd208497a4
1897099,regression_ready/trades_by_market/1897099.csv.gz,16714,1780273110,1781734705,2654591.1750076881182456,d84d04d8f9723a98ca01c4d029e6882f8be3573fa57602a9411716940eb914a3,f8abb619196d851d437a0cd4d612db78627f01574f0c0bbcd46419b0f5847d24
1897100,regression_ready/trades_by_market/1897100.csv.gz,20362,1780291021,1781745901,6818436.8692429791904544,5545f95b810065ef8da8936abdeaeb3de466bea32888796bab5dffe73dc021e1,3e4eb81298e812db54ff76f2cbfe8b7a5abb8042770087f29f55f1822843d828
1897101,regression_ready/trades_by_market/1897101.csv.gz,11373,1780302328,1781745239,1698673.8466354622594481,b97f800fc488667b5c208e9f18137ee9d1074705cc48449d86ac75eeda03882e,107be78b18292da35ac4b818499e5211c682c12919b32bb461befcf963183f36
1897102,regression_ready/trades_by_market/1897102.csv.gz,11373,1780277877,1781745475,1338621.7127921585904984,0b38e5e0daf0df983e7d37e2404111ae0852471971eb368ca58a63bb585cbad3,c3fac6c183a10429f482dce072824db291a4412defcb483f7a56e1ff05b62980
1897103,regression_ready/trades_by_market/1897103.csv.gz,7669,1780276386,1781756332,1457906.8298687208881610,f3c5d18f368c8dc52aa72139a47d7c7011520be5da9a4879e8ebe8725b671d8c,02356260e4c20f2d13acfe732337551b589eb60828cfc9059ae2e26a4c1b60bf
1897104,regression_ready/trades_by_market/1897104.csv.gz,8675,1780291023,1781756069,682170.2816791163157940,c5134a0b590173bb08c06004ad4b7f0dd4ad91375c96e78e64805a8cf9b7d37e,02dec6ab0cf177a961d9477d64fbf132c051c40e51413e89b0de9b2a72e35903
1897105,regression_ready/trades_by_market/1897105.csv.gz,19046,1780273814,1781757020,11290267.6755444558798434,b9390cada1177bf83ceae59dffc79fb8da1092ef91d6dde0d422d4fc9cc954e0,c7972b100ef81c7ab774e4b84921bc316c8ad53e182cc947aad07eece5199cb1
1897106,regression_ready/trades_by_market/1897106.csv.gz,37142,1780279272,1781806337,12040593.2883239748800536,17812ba9a9fc7f865d91f258b65e139b1c960677d57a1b0d831e6787853369db,87a06ad212bd873f3683ea21a5ad78890be16fc1fa4a54b448acd64a91f1fe40
1897107,regression_ready/trades_by_market/1897107.csv.gz,12258,1780303908,1781806663,2261711.7656595287591334,d75581bbd1e6f62c98e06c15bdfcd0054eb142480a96ffc35cf0bf80d17123c0,718f7522765f0831ef8ffe05e41787159a86d65564c697caf04ecbe6cd103106
1897108,regression_ready/trades_by_market/1897108.csv.gz,8151,1780311402,1781806274,1447242.6922608465094371,c0048c69a2f66a4158c0c6717977779663ff8d20b5bc79078040b551afa64500,272e584095f181e869901576018d9d8529c104edf859da3c42aa80adfd20b5a1
1897109,regression_ready/trades_by_market/1897109.csv.gz,20596,1780273457,1781817310,4260205.5448509850103600,4204243498734a2b55664e5c30617c11b053542035a873f55cfff017fb7d4aea,8066964b1c0724c0265d6ee426f55cb1a3d34c0ab3855ee3a345398c6c40df5a
1897110,regression_ready/trades_by_market/1897110.csv.gz,9660,1780302293,1781816942,881058.3310118485305700,9236f85d68cada63c177eeac0bc55110287538630b07d47f56dc98d8cbb91c26,e040fef88e3400fc854445a578331337e8b41a8f05661ac124787048de59357a
1897111,regression_ready/trades_by_market/1897111.csv.gz,8001,1780308306,1781816944,877560.3846059589431183,03020edeea0e2147caef9ccb9fef535996b13fcb8c45311b5a694648707e73e6,864bb5b79633334a8c17fb8ada2668cbab20f755c6455ecdde0286d0dd6671aa
1897112,regression_ready/trades_by_market/1897112.csv.gz,13378,1780288682,1781828647,10468040.7345162566111583,7c69c61df98845d33eb003fec58224a167d119a584dcf84ae6126b4457210be8,4b15c1f55490d6eeccd575c2ae219a5d99f20c409c826848a4ac3a504efdd5f3
1897113,regression_ready/trades_by_market/1897113.csv.gz,7239,1780291025,1781827417,951818.2232335336519388,d9b566e71486ef853ada4c1dcb34752f166320472be96625e65124204c686f7f,88042dcce2dc44766ebbca1bd0e9bdc76ae1c367a0d6d83a01f46ba5b49fb1f4
1897114,regression_ready/trades_by_market/1897114.csv.gz,8284,1780299178,1781827538,1464438.4931743757940411,38554b4f86f8a4145f26e533ecc79e71340d47b1b8e1e8b3c51f2debbac9213f,30322903f44780da03aa55365e5fb93b215dd4f9f03008fc2f9b43359e9824c5
1897115,regression_ready/trades_by_market/1897115.csv.gz,33771,1780277861,1781838982,6633051.7940298422024478,4091a233e9bd66b1b49cc816cbed3d4b5d09f82dfeac371fe4c3f465c6b5bfb7,3a9a3c71e74b6fde09301ccf0178e73e75cdb638f517218d92430fdd9b625d0c
1897116,regression_ready/trades_by_market/1897116.csv.gz,12273,1780302304,1781838616,1366784.2484924801819375,546ab657af363ec7ed20b6e12a90d056d8d1aa9f575868ecdd596387a87fd840,62803e419e0ad9f4c86905be57e5f9b84e40a67dd50a93ba6df7c8b63ec9b872
1897117,regression_ready/trades_by_market/1897117.csv.gz,21553,1780272141,1781838506,5919368.6174884358581781,961a04365bbf5e91a08dd9973ab0d50aff63d3b2c7bf4c36d18c3edca2e73ac9,93814da752b288a767612aaa1fcafdf3a0151ea6b832b349c07d8dc9135b60f1
1897118,regression_ready/trades_by_market/1897118.csv.gz,40709,1780298518,1781904334,8555053.9089208273148095,de5e023ef98531aad6b3ebf7a08a0d572f3fe4fe5aef2ab732dc9f898993b06d,1841d12c210177fbb2a516a7ae98c7118f0082d56cc31feadcf0d4feafcb891e
1897119,regression_ready/trades_by_market/1897119.csv.gz,9780,1780302314,1781904134,941328.0037160611975692,2f5bd826863fe6f32d2ec2ce5515a3abbb2b30c08d6885c012df1aec29ba360f,28d98cb9741f664320c09974b90f2ac76d2a00d2fea5abe7b7bce954301daac1
1897120,regression_ready/trades_by_market/1897120.csv.gz,13762,1780277125,1781903743,2154668.5034524506982197,11bc74dc40c32d791266809f1aa6077b3558bb21c72e443b18d933770b009a19,dcbb7dfb9e934e115e80abb8e33b6aa34c9857f25a469ab0865edb9a26bf7870
1897121,regression_ready/trades_by_market/1897121.csv.gz,6790,1780302304,1781914240,1638156.7148636591228399,cdf897ef6093cf6b2023ef1603c95182590e20575a841dfbb92dc1747f218754,07b0b27792aea4ed477203a3603ba1e58a35e0cf478801b4a15448923250ea86
1897122,regression_ready/trades_by_market/1897122.csv.gz,6939,1780303908,1781914267,661152.0234538154131753,7da1d50dae6f0ebdeb636f893b871cfb10f32672346853940bb8f62e7cd581d8,1cd7b82d0669a2bacd8f81d21e3ad3a40630f4b3c532b23032bd3a02b9239bc1
1897123,regression_ready/trades_by_market/1897123.csv.gz,29639,1780314197,1781914637,9837813.1074695261684564,c21dee338cdeff0ace8fb4bef1e966be4829537e0b3f0ca5d8acbf5379a72dd2,2ab192a55811544a7adbc8b00fc51a1ecb0c6844d759a7543529253e32a4bb62
1897124,regression_ready/trades_by_market/1897124.csv.gz,13932,1780273588,1781923655,5915687.0621436772234635,58c908858cf60ea1b0b69e9329dd431f57ff1bdb981ecb8c8ed7c353c5c02394,419e57dce1cf9a737e05ef78ac36a97eceac0ef49966647c3df42919eb784199
1897125,regression_ready/trades_by_market/1897125.csv.gz,6236,1780326706,1781922977,731262.2635737457647051,51042e7851224f539e34d77f8e4a363a14d66684927a8bc09300a0e40ec627d3,2a5277c13f855999a717377b031eab9b1641f9a86962d1876de144a756afff9d
1897126,regression_ready/trades_by_market/1897126.csv.gz,6222,1780278124,1781923078,1965558.0807588041674432,1102ae474ef585ee570553ef97e39915960ad8f7b51373e0c0f241b34e37e326,ac7a664ad650d42e4fbad7839699b8bdb9a00dc24bfb0e4b95227ea4ef78fd5b
1897127,regression_ready/trades_by_market/1897127.csv.gz,28059,1780302297,1781932712,12470479.3532441005001981,f43ebfb9480a5c9fc5a2eca7b3974e367ac3597eb492faf400be73ce17838603,95bbff793956782e6acf33b0a3266d541be95b7b184e6c77282e0ad3367ccb04
1897130,regression_ready/trades_by_market/1897130.csv.gz,9696,1780294450,1781932718,772981.1192027488304921,fb6c641780b4c754aab88f5e80b365e2be44fe6c15d6ab700a5c47d5a06fbe5d,7f250816d156864ea4f1c8df92d8be8436d63ec25fdb57acc3003a3dc1d041e2
1897133,regression_ready/trades_by_market/1897133.csv.gz,14632,1780277881,1781932967,3068140.6791589663052792,bd894a0d9a914615901945ad8b85d0036524988b821dad2c8525feb708cb3acf,a0f1307b4dd1c5dee85aa96b7f3142d6a33fde8bee4da7a0512e5b85d5f6f80b
1897144,regression_ready/trades_by_market/1897144.csv.gz,29327,1780302318,1781983022,8322374.3419639697537512,5620568b78bb18c279053531417951b6ba18464c997e93ece84cf2565849273c,ad087a60f0e1cf9a15df027186bad1e65b7337a6d8ed9fab8b8c45a8aab89818
1897145,regression_ready/trades_by_market/1897145.csv.gz,8736,1780311755,1781982263,1324936.7858255548346530,91f3c7a9e24b50836aeee97a29224a71ddc2f306a28737b23abfe2a7a7afbb6d,fc740a380ddd5c8a324a58f6b92e9522808257f0fc78f91368a925e02b4468d5
1897146,regression_ready/trades_by_market/1897146.csv.gz,10593,1780279113,1781982736,1615126.0036322083859053,f4d167434f26bad088967c22fc7f662c1c72021e462ffaa8c12908b3116338c4,842d6729e2f1c3adff2e126e6da9d96ab1ddc9a1e161a23b164b86b555eff8b4
1897147,regression_ready/trades_by_market/1897147.csv.gz,56367,1780282462,1781994425,16223277.7295700274370878,a3168e11dd2286d727a97bc82f74dc70e16b1895e6862c6a3d4535348af0999e,ae0acd2bebff7b65933b9f6a4c18e9b362690c5f886b7f8cb8e44678e36be446
1897148,regression_ready/trades_by_market/1897148.csv.gz,13598,1780311887,1781993731,1876275.7415768914030277,e0aec5a6daae18143b9f011d888c3232ba5b646e6c8a7d5ed86c3cabe57db790,b97ea7b8042b3a70fe7277c913a09eebf3bc1af6c804529bcc077337bc256792
1897149,regression_ready/trades_by_market/1897149.csv.gz,12904,1780322968,1781993743,3037911.9591478869065752,bbceb5a637186f61449a3217c86edfabb4388df9d2c1cb392ef2f33efb7276e9,787145eab0e486172c9213f4b59466b871a6f569bf5f6021ba3170bd49322ab4
1897150,regression_ready/trades_by_market/1897150.csv.gz,16085,1780288601,1782007688,3873689.8913217122402320,51e27264d4b2c2b78ccf1d90127052a7c591c66ee734147e380b36157e47a1c3,879523d33e9282fb6892a119112408f1b5a30b098b4e0999007b188e0b5d5b50
1897151,regression_ready/trades_by_market/1897151.csv.gz,13325,1780326786,1782007897,1509275.6165225211354209,38f3398a5925145f1211d2df1a9e665893d9084a3bba2038aebecbaf8b1cbfae,b73213437bcd861088b2cfcb8086e3f33753347289c15b013279ca589ff75a7e
1897152,regression_ready/trades_by_market/1897152.csv.gz,12338,1780272470,1782007583,2697333.4422149570696141,0287a044c6ed71aa0dc0788c337d2dbbb35e88086fd72f49ef9ac3a1bdee6097,aea26cbeb2a2cca94ae520237eb89beec31e40d13e89f4d1bda7910a086846d1
1897153,regression_ready/trades_by_market/1897153.csv.gz,5351,1780291576,1782022168,1739713.5998685984485912,561313ff50206c364febb9e6af58db2dd2dcfb46e9699497fba63a6717b0cd80,519d500eba147888fb130d18f69f6682b4e51da1a4bee59c3e67426882f03418
1897154,regression_ready/trades_by_market/1897154.csv.gz,5000,1780311883,1782021923,1483116.9096602936149339,af842acea3f8c54945b62867f95bc33b8b602de4da1a2befc5953077b4d95722,1053ac2f5c8a3f554bbeb1cf8ad61958a4ae6a7194aa0f85958ece18cd3c06fc
1897155,regression_ready/trades_by_market/1897155.csv.gz,31389,1780283463,1782022526,8400558.0546502091526968,685ee419ecbe0a330f973e857dcb419d65a88ee2dcdd00746bca73c43673c063,26dff9bb3d61b669a7acd86103875b90bb9cf39fc5986abe4b7dd54fe449185f
1897161,regression_ready/trades_by_market/1897161.csv.gz,13250,1780273392,1782066470,4559957.6424367632484883,332ea0045e265b643b046a321dc0c28cbfa08f7ca68a9a005fcf04f2ae1689e5,91e6598fa7b76e1f0d037681af8483c85a8ea31f9e5530686da529d86c7fc863
1897162,regression_ready/trades_by_market/1897162.csv.gz,6874,1780301926,1782065767,870589.0495297950515932,ea718af5039d9c9fc0be00d703d4940b76fef780ef9d1aa6df3cbbe340c27263,923ef650677385d8551fec3de982086c7959f7116b32a6554c98455ebd4d4d75
1897163,regression_ready/trades_by_market/1897163.csv.gz,8507,1780301927,1782066073,1457564.4877603025748940,fc1f1b01a41fef7769d68010a037f1516d115036c550f159808f07da176d75bc,0e0262f162071a03abad6e96790e872d02b61689409840052b1d8dc80e083c41
1897168,regression_ready/trades_by_market/1897168.csv.gz,31777,1780295617,1782076664,9571284.4786542620987367,7773f7e441511b3e7741afc9231fcd9204c9cb3bbe4be8bad15477d8e0387eef,2c318193af7b0c4cfec33825ba5481b07fad22d6d0f764e8cd979e31fe8e16f1
1897171,regression_ready/trades_by_market/1897171.csv.gz,12697,1780303921,1782077266,1785645.6221297947826436,ffee02bd4ef081c942bbac960d3218bf0aeafebd5e22cc5e1d5e80399a68132d,8d133e5b4c52be8a6040ad4aa2df33ab133af617f7fdbd48ca2ad6a2b317ef01
1897173,regression_ready/trades_by_market/1897173.csv.gz,11615,1780311888,1782076649,2155255.9064188084969010,36ec811b29d9febe2c2de030b0fe924be8ec26445e5f8ea07aef85fd7642478b,1540778a977cf5652a291d73fb904c78d18b8cdd9c22e40a9b8e75780e5fbb12
1897177,regression_ready/trades_by_market/1897177.csv.gz,27663,1780279375,1782087449,6528887.3760967544762211,c9a09df76cd7d2089bfcf92b4c9432ab4b30e7d5c6a6cd63b65363ca2f61572e,e3e1f90939d13bbf669bd52edb9eaad87d74f0a29a31b78c098b5d29fe0973db
1897179,regression_ready/trades_by_market/1897179.csv.gz,15256,1780303915,1782088298,2644569.8386525274884101,8477d272ca036d386c350343f08c05cc321161c5a6886d3e015d21572a78a418,4d25a2e230ed08d930c788ec65e4874de6553d5a9533e0e4101076469163262a
1897181,regression_ready/trades_by_market/1897181.csv.gz,13022,1780311878,1782087427,2297704.4343139995622892,b1ad65add0f2fc81719cceaea249002cc84c167778d7a0a6a6b528ee36e4d929,3b80868dd6ed3c0f412abc494468db64d804bf12b04ae03701b246b95a1748ae
1897186,regression_ready/trades_by_market/1897186.csv.gz,12908,1780302293,1782097919,1930050.4860949362413327,238700ab39a3476e4d49f19c0db6f1d6de6e3710ef8f850f7df720a6e95a89ab,a8f0cb53fcda40c1d5952bea6d5055242ccfcc17ac5c29bc1739f99f5535445b
1897187,regression_ready/trades_by_market/1897187.csv.gz,9009,1780413959,1782097925,1098879.0534612393700869,b0e0ed0165ebed56f83594bf77e12ddb2d2fb37c7aea539a9dc6fafa607ff758,f55814517c489635a58d0e7f5e8b4099f4eb40eafaff0295f49f713e4afa4a21
1897188,regression_ready/trades_by_market/1897188.csv.gz,18945,1780291783,1782098321,9549842.8980879358450698,e7d688df40e3cd9747eeab0179faebb859881967211331deb1e6787e7c2c82a9,b2521744aca22addba504739a8c25b44677dc03bffcfffe76eff4486f408d35a
1897193,regression_ready/trades_by_market/1897193.csv.gz,49542,1780277903,1782156160,12369927.8394685436704222,0cc08f9044f88820d1dd646673820c4f7dc163ee7d75889ab2f7d3da55ae079a,27aaa16a165c98f764602deda8d396a471bf6dc43532416b68622c9bb1380a01
1897194,regression_ready/trades_by_market/1897194.csv.gz,10401,1780302318,1782155743,2442561.1983826496184232,1b5c7e315b6743b68881b35b53db692276650f88033e430006988594a0ec3198,b437a24725a536b95b0d136c863ceb0e87f2424ad82bab432376011950a3474c
1897197,regression_ready/trades_by_market/1897197.csv.gz,8981,1780303905,1782155734,2656905.1192092471441124,a673085646c42d0147f7cd69ba54b120eae28d1141fe90c5f4e8760a3e8d4057,d9b1e8f5265a96e0fe6952ebd00bb3602bc822bef67ccfc367a5c9c40206bd85
1897202,regression_ready/trades_by_market/1897202.csv.gz,15285,1780273320,1782176725,6094376.1212241398343240,c069f3f7879cfba3bc80206c5b788c73b9faa5d7f9f9e5e64042f0dfc1beac9f,baf83a533fa78278ee6a8bdb43842e318a829e4ff30bcc0d751acaff63190fb9
1897204,regression_ready/trades_by_market/1897204.csv.gz,8576,1780328139,1782176372,809544.4636468386596819,4106eb62408b78d21534ab565b8b7c0beda7a878e0e1f5dd71a6c8ce18e1c5cc,c77285c69aba45f161c5ed3b69f58861ab5bf83a72799f610165dd92504c5b8a
1897206,regression_ready/trades_by_market/1897206.csv.gz,8058,1780295799,1782176347,1607263.3095720189582447,41a918359311d23c9c87f096db53cc965f7899f35d9c0035918bd275da142054,cf84406952a5f26f4e73654cb6d5eecf2b44b978923db393b446bf65c164d642
1897211,regression_ready/trades_by_market/1897211.csv.gz,35804,1780283538,1782180880,12440101.5129381491065968,ef35e386064cd04bf9aa1e9ea272fd1d0931c13151012980e0cfc2b8b06d08d0,2049f1592b4a7a98e79fd99fd59f187f74379a48c6adbf5c69837b0a5f35dbe0
1897212,regression_ready/trades_by_market/1897212.csv.gz,10072,1780303898,1782180755,2472429.5045872808113858,23405808f85b64bd373548402e3d19a1db88c9b1ffeb5420bf8b4c5c47bb62d3,1364ad2af28610a2bfb350580cd29a5f1e4dc3db0d314f5021124c723472f810
1897213,regression_ready/trades_by_market/1897213.csv.gz,9101,1780288778,1782180739,3037095.9980547357638464,22c3e617a2266a7ea3bc6cee205a58d13b4984eeb60684f790c54e8d05cd337f,38aa37051b471c0c96c39fe9dc3c3a0dc673219de17d45f5e8bffe2ad4c66eaf
1897218,regression_ready/trades_by_market/1897218.csv.gz,11710,1780328155,1782191635,2196252.5928849846051889,c020ee33e14b2805b820a7ccc615ceb3e38e8e9b135c14febdf2a558493986bc,090544e98f70eecd53f4db2d862945dca40f451611ed0cc3a48e110ed6890b2d
1897221,regression_ready/trades_by_market/1897221.csv.gz,11623,1780303914,1782191476,992739.1451760013557830,1e20e20f102ead025021df530d067baea0d51a3d100f4982ae6bf6ad75db6cbc,f8b1836d1351a58cfd72217b04263131cd00e2500ea12ea03e341c0e0f500c7d
1897223,regression_ready/trades_by_market/1897223.csv.gz,23014,1780277307,1782192439,9261522.6545397462526898,c63ab98cc7f20739949fa1306efe2f854c53444305090294858839ae4fa6f2ac,1cf6dc21c54f7ebf6e21b169e778a442d07c370b7bc8ae2d33514086e203405a
1897228,regression_ready/trades_by_market/1897228.csv.gz,19450,1780273486,1782242111,6756314.8016316343803828,01c034cac92e7e2bf16c3b9d35d30257382eee747218f018646e7d3ce6c09760,a3600087098ec784c6f8ab12644cfcdeec2c47094325daa4dc252a297ec0e745
1897230,regression_ready/trades_by_market/1897230.csv.gz,5809,1780328163,1782241102,1403750.1933125359235316,af4d5fee2948f3869f2266aec5892e208c372b00fe48634549a769cadefb6c5c,64765a9ed636b05c7462f5020b1e2d421d7a5fbc812a5592f9c38434d1fb0c13
1897231,regression_ready/trades_by_market/1897231.csv.gz,5820,1780330088,1782241873,1832848.9994895793611428,999cd78e98cd7b802b8d3790ed6550a589fc00279ff0c6d7272035682e3141ef,c2b809835cf327125193859fa9cae94e70546a961e27de4aec633c9020002f1a
1897236,regression_ready/trades_by_market/1897236.csv.gz,26250,1780273794,1782252872,9593145.0644694833359941,7e94c206b4c95dda160aa87aeb2a48c9e0486cac458142eaa6164b44b9077c36,c367a9430bba0e0526e3f2b524e3d9e18dfefe9a975bf2a9e39fa66bae0477ab
1897238,regression_ready/trades_by_market/1897238.csv.gz,12466,1780328174,1782253120,1884908.1346060555620388,58e561fc743c4c5e319faf9b41d91be2945abc966d00977d4ac36ef1bb9b7dda,e87c96203420da7400c39cf9799216842cd3fd5c144c1f4a363be098bfe9482b
1897240,regression_ready/trades_by_market/1897240.csv.gz,9280,1780327386,1782252871,1463496.7481376335101202,62d30986941a4e4f5979dd72ac9b3020ab53c1ee66310d3f2de01a5c45287190,045590f457febadf8043b08964fdcc94a1a72b099c4abbd91b44184138bb97cd
1897246,regression_ready/trades_by_market/1897246.csv.gz,5821,1780330118,1782263194,1281945.2009038956133684,8ca3eb390946e5b6bc26dc4d89d644bf5847c6cf3865ffc56f6b65adb3ba5295,18185d3599cb46fb82ddd927a994f61954d56b4e5d434fb547b8f37796929a9f
1897247,regression_ready/trades_by_market/1897247.csv.gz,6476,1780303935,1782263336,635062.9330923908342513,da9bb7cd6a297c109fd82a5182ae0f2fa7bbf621e41981986e8f134afab8a946,abe1699eceecb8bd692157ce39d9106caaf6674148b097d28e6a72f3e261deca
1897249,regression_ready/trades_by_market/1897249.csv.gz,26677,1780277930,1782263377,7930743.0832984631271922,a6fc333251f1ce3d2a0a4263db6d26a27883db8d4b9f6a84f9eeb67de219154f,be89ab26b1cba65cd4f06d44c8c1fa728bca7dae75cf5e2a72744ea07fb78135
1897254,regression_ready/trades_by_market/1897254.csv.gz,27262,1780321503,1782274183,5531382.4902880559463025,8c04afcd2bcdc8e8c9e4ca9242be359b5f694ca0eae4c8bfbf443f1dc6b79ea7,885fcf511da04d2771596a919175296ccde82a8680d6bd98354ff79f4250dc5f
1897255,regression_ready/trades_by_market/1897255.csv.gz,9805,1780303922,1782273971,952851.5518108372991880,c459af7798b9312d74ba205d104e9506f5a2564d816a6692b1a540ed2836a486,4432245dee017a381cebaa714968798ce105cbba1c475cce57750893c8fa723d
1897256,regression_ready/trades_by_market/1897256.csv.gz,6766,1780330132,1782274184,1484579.1896384044236720,bfc246d08f7364e09cc00d1dbf16036721f737667b8cf4bec2dc84e2ddb6d4c4,e34c31625d32353a954a8ac3b51d58022701992d4322163ab6e85044ae4e1f26
1897263,regression_ready/trades_by_market/1897263.csv.gz,23762,1780303926,1782336007,5040065.4788937064309050,acf733d0aa3394a56d6461a74000ddb64bf21c9b2240132305190bd8b47d0f01,da91c86c62332b02d02bac859a844797d940d861d9b77a846815a55b3c0f6e34
1897265,regression_ready/trades_by_market/1897265.csv.gz,11192,1780314489,1782335300,1018920.0164449996013141,e28992c778226d2675430f68512534508c214563f4d1586c47d2acb35db6bae5,27986af3f1be219e6ce799ecc05e0adedd1723200972348825f3268a42d09812
1897266,regression_ready/trades_by_market/1897266.csv.gz,10332,1780329378,1782335348,1273159.0643440319745557,daa37bbbfd272ec580d397f186fb7ff6f4a458f34de0daa78f13865748576f13,a74ce1d0be343fc4d5dc25e2a508b8c91c5a6f39933be59d4d60697f99b9edc1
1897271,regression_ready/trades_by_market/1897271.csv.gz,15350,1780348084,1782336014,3529724.7468125276391795,f5e4638c60984aa37b66e9fc658b4a094012e7ee9842422d3d21d9b87009fb0d,a48080ac6ce1bec146a9949a2a342c6c19b7c5369cdf16b0f0aabead3eb4c0bc
1897273,regression_ready/trades_by_market/1897273.csv.gz,6929,1780311883,1782335291,614093.2567603204001708,31dd0afbfea43868e20aa50a82418094a59900800d5d52d52bc096fd20d4ae50,303f12ba5160ecd9eaa692b3ce70e61896d75d6a81249b02c60377bf2598b914
1897274,regression_ready/trades_by_market/1897274.csv.gz,5031,1780297139,1782335717,875961.2712212555577257,c068f8ac4a642ec592330eec7d7a17f8285d6e6b00f75aee7bd9896997405d00,2beb0c5661eaa70a86e50ed6bcd0c7ac9f7b99372e0535c617ce4c2522db9646
1897279,regression_ready/trades_by_market/1897279.csv.gz,22573,1780273780,1782346786,11059387.4213729922912194,750308fbcda07fa0ad38121d8d9c6ef48d16593de32bf954e6b58d5cf222cbe8,dd7c9918fb67128d105f62fb5f725582262d785ab6c73178f08def0b59fad3e1
1897280,regression_ready/trades_by_market/1897280.csv.gz,7514,1780328233,1782346249,1116446.6503233565566542,dfe6a8a5ed2469f6e255408118e6fad5819f96fabe5656a3361725eda114580a,12aa920a1ede830a72e403966e9f6ebabd77761844d0adaeb3c818cb98737bfd
1897281,regression_ready/trades_by_market/1897281.csv.gz,7024,1780330221,1782346289,1990463.2780330769415471,82c9c387aec2d84cf3cd69dc8970b15628c611e61486a0b0011207b972ca375e,3ee9a80681b98cf385dfe9e412c202a49dc125049fbe2a5680de77abf6791920
1897286,regression_ready/trades_by_market/1897286.csv.gz,4699,1780277732,1782346745,1683518.4941989556510411,819d27234d9a62ccc872c755d0f8e88cfb000336619abe714ab48ff54298c0db,d5cde77b24c0eeeaebeb81b0a24f44d021ac0f9714b60efa5d7e238d88b856ef
1897289,regression_ready/trades_by_market/1897289.csv.gz,5119,1780328225,1782346528,629468.9282742235482935,228d1eca318c083c57c3b972e39c4e83cc5ab015579c95e29096536791c153e8,ee044a875812b9fe1a012338e2b34689bfb1a474e1b1420cd974c3a17ed2df4a
1897291,regression_ready/trades_by_market/1897291.csv.gz,20644,1780277942,1782347446,4273352.4657461183285912,02542dfdeccd59bee3730b5de0fb8232193f2b8fc94183ea2dba3c1617e14e14,ae398d0ae582b312f36918240600382037525c66c2e41d2945b266303c6da226
1897296,regression_ready/trades_by_market/1897296.csv.gz,5867,1780311880,1782356905,1463178.9786643883605271,a564b6482d4ad13d865bf1f97a098914abd01b9975020d0dcf20d627161e6b08,edbc23c7ba3c53ce55e94515e03e0d6042b6caf19d74d53154c75a3ffb8ef2db
1897297,regression_ready/trades_by_market/1897297.csv.gz,5951,1780300900,1782356695,622484.9308021421492085,0cb44c4d09e45edea75e98b744ccffc5ec5f5ed9652bb2abb835041cb61158c2,539b3f31aadd97900848b3ce86692b2afafeb604d6d72ba9dc7d5235de460d03
1897299,regression_ready/trades_by_market/1897299.csv.gz,34703,1780301789,1782357326,7012482.5009214829262272,309383656a356aea19599b65cc575a5ac7f7402c18afbf36048e02cf4ac77ee6,22900e62348e3daea6e1d1de2e906d7c2badfe7d79cfc9c5718de67e1a7fb2d5
1897303,regression_ready/trades_by_market/1897303.csv.gz,10315,1780302293,1782357551,2811792.1809638488368271,34336aa36fef274a25f2066d25757c32b2248738f5e2ab8759bac393f49095aa,d38e1f89300095d9bab4e6311c5812db238712075c062b5ee040fac21e9805ef
1897305,regression_ready/trades_by_market/1897305.csv.gz,7716,1780423810,1782356875,868354.9009837039629503,5f7d6a3884525112d3191b16ae81527b723c330f6c4376213fe7b74cdb21d223,8d7a4d64d7e2fc07b0d7ba7b6eed0354e1114dfe36c3c7cde49392af499b1d5e
1897306,regression_ready/trades_by_market/1897306.csv.gz,25267,1780316736,1782357035,7832196.4264352675233191,1860d947a96cec709e8aa59ca0e375bdebb6aae3ea47bd8fc5dbcc47c3eec996,9b3ec98d441ad095c14159e3f49dc513c38a2cebbf73d1177ec77058b33beeac
1897311,regression_ready/trades_by_market/1897311.csv.gz,16387,1780303541,1782425782,4727808.5697637673535293,c0f153daaf6fa9d95d35662f73813dbd48f629476de0dc85ce5744ebef40f166,99d78e17a9e5d1400466d68ddc23c5ea171cb962fd4d6ac6bfd85ac94e7fe4f0
1897312,regression_ready/trades_by_market/1897312.csv.gz,12326,1780303898,1782425470,1353186.1238262211106210,093e85944de48a818be8afbd6c58c948f9c5a58eb93476b31b375fe1e1669d3f,9a90c01abaf8176d3be42d8c164af6fe57f9ba488eb24a23be816cfac3b4098e
1897315,regression_ready/trades_by_market/1897315.csv.gz,49527,1780277954,1782425639,12703997.2574941207012233,3e3a66efad9f6bbf91c7ba4679e6f92a7ce0131ebe0263c6e20065801a37fdfe,10ffdeb720a948f1c67552c76bb3b88c79d872ee2bd712de522399cd084c0b0c
1897320,regression_ready/trades_by_market/1897320.csv.gz,7031,1780330277,1782424943,1091515.1358686847858416,17d4339b7550dfd7829300b5404d730b308b9f6c216e0882d851d605f15d7f91,3c7c665e54b499e79c2a58f47223fb069a74c0dab8cc0bab9e132b7854636f51
1897322,regression_ready/trades_by_market/1897322.csv.gz,5942,1780328265,1782424889,468891.5375950803397698,d28837a41a1ad3983e81dcbf54093f5c801f35c2e7b651c89cab3a7261c20da3,82e92e200e35802ed64af45953ea43fb7ad892e0f492026f530a8b695422c5bf
1897323,regression_ready/trades_by_market/1897323.csv.gz,7203,1780273565,1782425629,1629425.0787276773963535,f782a56ca8b1c6f922ed46d36a5bbccfeabdffad198623466c08d123328fe20c,5188443c52c973abaf760655d4a3eab853ae7ede9725166c401362045c4af9bf
1897329,regression_ready/trades_by_market/1897329.csv.gz,34107,1780283012,1782436256,15119423.9681328482521653,01398cb4b440d8c68833c4927f6d78c1640b5d28dbe18c4a6edae49645a9c6d9,a9e051539d73634e8cdca7c648cbf050d4c5c121af34e95bb45b727c950f3106
1897330,regression_ready/trades_by_market/1897330.csv.gz,10375,1780283012,1782436436,1737360.0138079880142453,506783b24d387d1d6190c0e70cfe1fba75a2b75c28865a96ca7704cb3385102a,492277adacec52b84c086cbc74c01ac4f339403569b40857bff5de344c01e03c
1897331,regression_ready/trades_by_market/1897331.csv.gz,12507,1780283012,1782436264,2870038.1010099752644997,9b8c106a87248a1467a364d912462eada8967873cbe410f716eafcc9f59a6a73,82585297972e972b6bd4795c4e8e9ffbb018b5b9c1b47e049b1bdcd14c285ab6
1897336,regression_ready/trades_by_market/1897336.csv.gz,4005,1780303901,1782435847,949485.1833099468270408,f76fba6a30cefb8776bb084e18d681080488862c0651e8506279cdd003302c2e,f91214f18af7f5f5aeaae15e9ae60aea2be8fe518391a97acc6bd6f5a9d288d2
1897338,regression_ready/trades_by_market/1897338.csv.gz,3833,1780328277,1782435845,951940.5728571478514589,faeaae15f2480bc10804ba3a6729ba24f3e2aafa00179e7b86c1b08ec8fb505d,c84467d58b573beaf0b71706de0e2f826a47bfcf6974a2070642442d753b85a3
1897340,regression_ready/trades_by_market/1897340.csv.gz,11020,1780276468,1782436306,3699235.2284155639996729,11c85fb3b7408ca8d5425077907ca9b9b3b12e0f1f916930120de89dd469aff6,22f2db75c01f154361ce5a43c8245b94baefa1cbcc0c9ad5b4926e7fcea54657
1897345,regression_ready/trades_by_market/1897345.csv.gz,9376,1780302325,1782446954,1738424.4780874158525021,e517c5b72174c2bc556f1c83b20e74cd681851bbecb5e0a2f86d25a29932e678,4dbc72ee4e3312ac47029c494b6e20ef152f68c2e1a7511ded5a0001698f81d8
1897347,regression_ready/trades_by_market/1897347.csv.gz,6915,1780302300,1782447326,2237305.7791905240016019,77a9e16798ac5c5f76e9ac8b74b968404ee4d4fa66f96d0f547916ead7158a7e,ee6d29e0de729b96ec79c42d2f56bdd2dd114f9cc2d026323b52762290f53ae1
1897348,regression_ready/trades_by_market/1897348.csv.gz,9107,1780302325,1782446963,2543469.6747630272975650,398c252baa8472a703ed274c9d05d0c941a9029755529943392a7084dd62f54f,f21387b096ade940f758e90b782e830276601000ab2314b2958b09a680854ea2
1897354,regression_ready/trades_by_market/1897354.csv.gz,12551,1780312081,1782447757,3356365.8227469351901366,f10999f0108cd09288285a764dbfadb306f69e01c6a8122b8a4393627c2f22cc,7d31a211bc56449599bfef3038779db17ab1c51495c80ed8e00e7a6bf7089f63
1897355,regression_ready/trades_by_market/1897355.csv.gz,10095,1780302297,1782447553,1481736.2067273574341759,039bde0e4fe80a9d0774429652b8e7e4f5ae13d8aa1693a36be35026091a2814,eb3946b5f0be6de05b82b3378f41489fc8954c0d0b26d22eb6a61f23ad925902
1897356,regression_ready/trades_by_market/1897356.csv.gz,57366,1780277968,1782447544,17190777.4446046848304793,6ad129c0e362312ad62848ea8f1551eb35ba1ceb04248ef603eb15742b2a9f22,57e0632fcf847850b0dab4b5d9fd8e0451d9397f497b812869150bc7c7e8f61e
1897363,regression_ready/trades_by_market/1897363.csv.gz,14983,1780303905,1782508321,2549294.3459035947945969,ab0d607c8ee215baf7af4cff7a0395b0d0e4fbcf4c43e301739511cc368970b4,8010776110d765078fafe5b997f3800546996395ce857b3a6b3aee4740a8338f
1897365,regression_ready/trades_by_market/1897365.csv.gz,11127,1780412685,1782508283,835980.4574670609897574,68c20c6cd9d588fc3494d63e15f08fc3bc75d0dd53056705d911bd54ad3c6ad1,20826f89f8658c4a35086c4a0fc5d0ca6434d64ba9f3e229bcd8a2137ed3a98e
1897366,regression_ready/trades_by_market/1897366.csv.gz,28773,1780277977,1782508766,11541049.7407549783594371,e0d0417b731a682f28a355ca6d5fbc149e1d2798c2f37cd100960eea1540994f,4e1faa11fba7a1b06b3a5b9d7d49136f9fa9d66c463ecf7c44829fa92bd7eee2
1897372,regression_ready/trades_by_market/1897372.csv.gz,8088,1780302307,1782509887,1944031.9523896873178968,0e401f2983758e678477e45f4bf52f544e92159503f7643bdcb9514be68da7a4,e98dbca9dd47e3c2a8b49a02646d0871681ff2fdbf020a7a578c561cc568e168
1897373,regression_ready/trades_by_market/1897373.csv.gz,3635,1780302307,1782509009,366928.2325517716176093,aa87cd4474010dd6fcd17cefac4bf419c0af27f266bbba5d26bd345b6de07f50,54d0a95c82758a4708f228745349e0a2b083e0bdc728bd396e2ebd1ee5b8eb8a
1897374,regression_ready/trades_by_market/1897374.csv.gz,4267,1780302305,1782508651,810041.3258195852863789,7819e7961656d5261fb51cf459480b9f7e38d1bc92ad4c85256cd22f1dd9dd0a,e0fb591a06ef85afb6be15744abe0cbaf47e2e96cf0217a06f846f59b9e6e5b4
1897379,regression_ready/trades_by_market/1897379.csv.gz,19869,1780277200,1782526414,3244619.0122796984349698,dafa226a4a9f968ebc442e329004a989659b90c607e99419803da0bde6065b19,4fa1bb20020a1b46e03797902fcc9d67ddbeb6474b49e1177d548ce0ef680c0a
1897381,regression_ready/trades_by_market/1897381.csv.gz,7692,1780424245,1782527177,930619.0831580293998920,a6bda65d98d1f3dc60fc2992a21115987c006a31b3ef2388458005ded5bae639,e0265a2bc35a86fb8007dda10aa073a406e9d3477dbd21fb92fb612c9cfd6753
1897383,regression_ready/trades_by_market/1897383.csv.gz,7771,1780330424,1782526457,2722938.0245966601704745,0ea46e730dfc97e02daefdfd6a72a11b4d35f01105ac18d98158d30042fda9e0,070fb4b4d84b8a519f23dd688abc45ca9a6eb93b26dd4fd291bce6d858afd003
1897389,regression_ready/trades_by_market/1897389.csv.gz,7578,1780328328,1782526613,1403738.6282660581148959,82b3e57c63cee40849c748e953b5c5850ee59ea2b161b007efacbb81b951f9d6,de59a4e964062d7d3e5e55328de57b619a6de23590ff839a7d0a2bd381856440
1897390,regression_ready/trades_by_market/1897390.csv.gz,6269,1780302302,1782526604,1639590.9321387145566473,85a27255d826d57a4131f6162db4ea6dc6e31d34a7d2700d4d26c390e9f94973,8c9a4f65a37eff8e336ee0c3c67fa4b72e17faf0164609e3e230aa4473fad613
1897392,regression_ready/trades_by_market/1897392.csv.gz,31662,1780277153,1782527263,11158213.9300250004781700,1dc8eccf93916cfd9b2292117c4274bd91b8698580148ba52738eb3146275da8,a5d117654045e539fd358b1598d5a239c5881ab4e26cee7215f18e1d0c45c897
1897397,regression_ready/trades_by_market/1897397.csv.gz,22057,1780330454,1782537551,4414769.5261833989665713,c782e6acb41e0a9ce4cf3a5872a7fdacd12e94407d1e45829d0dbc07bbe7a6ee,7472b8431ff44442e13ee2a1ff36999d576479626582f7aaba427474d32d09f8
1897398,regression_ready/trades_by_market/1897398.csv.gz,10563,1780330454,1782538351,2181725.7061235793804880,cc1b6ca3c917716aa30bbcde16e1d09e983a0561386231c1f1b5593f2b19a99b,f6d22b4dbbeb58252994c22e13885936f5a3fb6bd0622dfe7b29a87966ee15e2
1897399,regression_ready/trades_by_market/1897399.csv.gz,10215,1780277987,1782537620,1765390.2238551816893122,9b64cd22f5ab1f61cbfd8d2aa826c5d4edb0f1fdee7ec037276115e9fa5797ad,d07aa1aac6fb4949e2dcdc03c76d8d7a6222823ffddcd9fbf74abd9af645b2d0
1897406,regression_ready/trades_by_market/1897406.csv.gz,5543,1780330442,1782536740,972907.6683768566256162,c1add0ee117a05edb680aeb974fa4a5670ef9115c521dc0df92225a0a230f934,31667a7a0e1a7e3be43afed11d98119b0ed361f53a26769d24cb91e4b88dcd60
1897408,regression_ready/trades_by_market/1897408.csv.gz,4945,1780284926,1782537025,302735.2796007958127243,11b1cbf1ac494f5c60c9ea595f22787245af39ee9699f6057555ca59c4382578,629561c13a5cb1189cf8b20a2e51799fbfefad8c3d40a2992f9f6bd07aec777d
1897409,regression_ready/trades_by_market/1897409.csv.gz,8052,1780326606,1782537910,2282746.4604907648145117,0364b9112ec47cf4c21b103d66b5d9478f8146a9c87843b0fa53d5cdbbdf0ab8,712f20093acddbe1c7f96be3bab2aaa4fbc7b78870635bc82fd995287aa3ca09
1897415,regression_ready/trades_by_market/1897415.csv.gz,5688,1780328358,1782601600,1395639.4173131942230954,8b03d6a72d2f6c70017d9bcac957504eaf009596569c21dabb79cc34dc3cf9a8,bc73ffeb4c3bc8240c89c5e481ca5da0313b1504ac4705b5fff6bd3be92c164f
1897416,regression_ready/trades_by_market/1897416.csv.gz,4955,1780276278,1782601672,519950.4260481739041629,edf2765bf606cc01e76480d000fd175a932a4cf07760cd5e01660cdc39a7ad26,a1ea74d8b711002399903b375da7fdbef0862cdfe8802a18b3e060a58d644a59
1897417,regression_ready/trades_by_market/1897417.csv.gz,13006,1780273635,1782602071,4367182.2443826450245391,e49829315c85d70d4fea66eacb890bac35ec243ba798206d3b091ad1725fe136,9ba7688d26def0610542a07e8c39e542af8bf8c4468859adfa0761a6daf6b77e
1897423,regression_ready/trades_by_market/1897423.csv.gz,20449,1780291494,1782602929,9749654.9508902002798659,d4ded62933430dad2428d1b44a85394f4628e71c9996ea705bde9189656b48b4,880d00628a79497e42fadc00463e3c1e7203c70631ad0a50a8457e626a535e09
1897425,regression_ready/trades_by_market/1897425.csv.gz,9966,1780302297,1782602281,1050740.6396255215779844,92c950dd619e6e7cbade25e19f612d17f65c86cea5f8ea9ae99c1bbf172da5a0,519d3892b66e057232116d8299a9966867275a3ae8054aae5c820d413f1bc970
1897427,regression_ready/trades_by_market/1897427.csv.gz,8370,1780328407,1782601753,1771013.6549487311981673,d78f0f50e944f1925a45afb119c891d54d62f8365bd6e7d01aa3973ec036f6f3,5a9f4a965019678b66b7734bad53b2777baa5812ae6cab72e97abcecb0b242ff
1897432,regression_ready/trades_by_market/1897432.csv.gz,15614,1780278026,1782610960,2684721.0147370524399373,1bdd91545433a1aa6833bbdf69863e4df80c25b38dfd56ba2126aa349d470eeb,4fbc7f667b0f246d963ec2ac084108c8869bbab02fd20bba75824dc885bbce05
1897433,regression_ready/trades_by_market/1897433.csv.gz,11505,1780289347,1782611369,1861301.3925182342908161,29aae7e0be3e7a6c54c58bf39166e3668ae565e269fd4c09b1abd428f16ef2ab,5cc4255912faf7e2b859eaf3364feee7b5b698de6244989fe3ad3dbdf44718c3
1897435,regression_ready/trades_by_market/1897435.csv.gz,33312,1780289432,1782610880,9413825.6241837982681277,26f0f5a00f0821b3d9f763fc6279a7f714921f1fa086a010079fc1c6f5229aea,42dec9b18f58a8c070581565f45027e4c18987f260c48ae0cb557b543edc6fb8
1897437,regression_ready/trades_by_market/1897437.csv.gz,18256,1780303901,1782612190,5598306.8667986842277510,0b1d4dd0de3a6f84a4794edbbf9659e7d481628ca3aca18b29e9ca3b1da15529,580ac96170a57c4001fcebcecb0f5a55dffa46da667f55d66ddd28863fc7643f
1897438,regression_ready/trades_by_market/1897438.csv.gz,4917,1780302321,1782611011,544013.9992238076468469,71483e15e33a959476c27b1348b14b88ce65552e63fb37384588849c59101a78,c88af63dec46887a497d966d03146f86de6becb344bb3f72ef89901842fe0b7c
1897439,regression_ready/trades_by_market/1897439.csv.gz,6869,1780322068,1782611332,1593060.1341308287737339,da3f4c98194dd6c9c50a52c13f1b023f4cfdcb7e4c97fb1d91aeb5dad9d96603,bd5b3a5e81354c1d1dc3df621a855f75d5426604742373f0ceb6b9f07d7a89ec
1897440,regression_ready/trades_by_market/1897440.csv.gz,3891,1780280553,1782619799,979032.8865047064693511,4aecb683b1599d2b0e916ebc1e12df41fa5688ecd71a6f6f91d0649ff4b9d732,05387e620714276c1255a9a181d47daeb94a43b3293c2f0ae8eacdbd795bbbd2
1897441,regression_ready/trades_by_market/1897441.csv.gz,3763,1780328391,1782619208,433225.4138782103594697,3cd2e1d255899865c8c52333156ffbe8359bc93b017bc74b59bca6b87a13ddda,23cff9f22ea94e493bc677b04f091d623fe337d1710c2f7a08d9ac99ecc24068
1897442,regression_ready/trades_by_market/1897442.csv.gz,17007,1780273730,1782620078,4681669.9854207918434890,7cf58738dba07ee442a958ff621e81fc6e745e34ade259540c09d317b86a9848,2e7d9b334e8e2b0c3ac40db795386ada9ddbb41edb5846b4a16bbada413bfd5b
1897443,regression_ready/trades_by_market/1897443.csv.gz,10532,1780302298,1782620075,1424259.1029909174317242,bcfaa1d3db52c85e7da10caee37627d07dbe96f86e4bd96cf6aeaf8245a0ed11,5035e495537fb1b947248cfb172eb450905568cd886b59e12d8c1e3ee3eee7c8
1897444,regression_ready/trades_by_market/1897444.csv.gz,14524,1780302298,1782620398,4806226.7315684556993036,69b0b8e9d956251f5d1ff0f741332612f816b7d14dc5aaa9aa3a6e8b3d691ded,05bd818011b847565c77a1fde0a3470d845783015d9f691a2a49d80a7bebe6f6
1897445,regression_ready/trades_by_market/1897445.csv.gz,16840,1780302298,1782620209,4236587.7103943058444252,0dc2c32497bb33eda49484ba41ce8be9465f5a6572a293b1a3055b5e0edaaf28,1d441a14b372a1347ce6e0da14223e333b706bb1385fa1e0dd0a97dde4e46e59
2680253,regression_ready/trades_by_market/2680253.csv.gz,9775,1782383648,1782681424,1309391.8017815376056139,690d82602c7560a047d4c2f50fd6d7183d62f143540e19082921a627a267ad8e,da8e0a6c0e4691f4108215ea71cf6677c72ccb3524b889edd6f0439c078ce291
2680256,regression_ready/trades_by_market/2680256.csv.gz,9030,1782386711,1782681529,1764325.4954208309539522,3f0485f699a3b3bbbf5b915e3713697920b2a6c3fde50ceb2ba49ff1085b998a,46b55552afb36e7ab3fd1d70f704bb9819f1d457b31d8a61e497f49632d5c57e
2680257,regression_ready/trades_by_market/2680257.csv.gz,27870,1782382910,1782681943,18529040.8419824173333750,17ad1870320a2eecd152503d22d59c3dd20f4d8d10b228a97c20b9d3a582d26f,dfe483e86fb3ee84a4d40aea58f96f7d19b643aa9579018e5120e3fadfd6285a
2690979,regression_ready/trades_by_market/2690979.csv.gz,50064,1782471451,1782760975,11298884.9734799845119345,cd86ee885b206f1e4c4232047f97d4d89dd39d9c3402368a1b9c3ba1e550fa05,51ddee9a92cb2e9dcdf32f1cb44234a60534d49672cb6166cb51f045e1f50af3
2690981,regression_ready/trades_by_market/2690981.csv.gz,13443,1782471976,1782760610,1814988.2547075756723022,03a8191e515d78c833fee8a327e78bfd83e3a90bb911d22158eee469f734ccc1,cda6f6546047ebca22708b585a527a9856a8156a37e0c50a47fed24517f3206c
2690983,regression_ready/trades_by_market/2690983.csv.gz,21348,1782471299,1782760615,2942966.8297975897832756,e5a44be2e0e327ed0d1dff1654d3f06b4f220a7103be3ffe4069dd7ed48e5a73,0801e98590f9cc6df3be1c8e74e6896f460fbbb42a15b15f35390113170a0d7c
2690992,regression_ready/trades_by_market/2690992.csv.gz,23821,1782471715,1782792452,5524143.2322008662004501,09f1d0d6a3a6fff7232f3f0514888c6c47d135dd4e77de68143da861cdb22cc2,6098693e2a7f81b459a588d15e58f28c7163604b81e8de37cffa516585cb5841
2690994,regression_ready/trades_by_market/2690994.csv.gz,10510,1782472576,1782792707,1888935.0340420301169376,ecfa0b3d65496214228d9d4ac94a406829df4d9f9aa181434bf6edf928435872,106ce9e1143d8e004c576e630d05cb626907042fa7ebc2a8225e27e36eea21bd
2690996,regression_ready/trades_by_market/2690996.csv.gz,12178,1782471475,1782792467,1610743.6830761095200140,5503552e7eacb75f8102d6900722989077eeb9c83a9fd6b5f6375988bd4a16b8,c4b264580876104ae357c4ce6cfff131467953b0520f11623a64d74e62f612e8
2690999,regression_ready/trades_by_market/2690999.csv.gz,24365,1782471428,1782959011,6611533.8102472200541580,8fc07d7bcdbbec0604133b17280399054a85defe1cdf2938077eb9ae879ae2ff,d58e55acbdce8cdd01a1b40f76001b09d24211bb589c52db26ba5c0cbfd1fb62
2691003,regression_ready/trades_by_market/2691003.csv.gz,7115,1782474664,1782958664,876032.0173221262310061,aa343986ef7bf66005cd70eef24df051fceb6435ba7bf2617ca20676f698ef47,029e597194a96e93835e72ea1fb4820eba59a58fd6a8ea2fff0043244b6bc257
2691004,regression_ready/trades_by_market/2691004.csv.gz,8056,1782471319,1782958928,2086994.8206063232118829,5787fcf882e7144324538b91b2ce16fad6b65a0014b71577c435122ac8c77059,c5fa78d7f699b5b210d51113c9d14b5f5d6e37d01d29320d6a4c83d7925752d6
2707623,regression_ready/trades_by_market/2707623.csv.gz,34808,1782554953,1782776504,7895474.9112255687020240,d147031e89aacf88dd04d042e8be7b2af021195ae0df0de12949faa93e02ed8f,7489831096f2f9fc28c5e5edaba9bdc12cf0d21c24202fd0abd00828c04a506a
2707625,regression_ready/trades_by_market/2707625.csv.gz,9551,1782555917,1782776840,4051643.3565124745158276,e70bc5f7ea92dee469c187c58c72816c6d706f73f80b9fde66efe19fdf12cb04,52e82cb3b00340acf384dc3f7451e19d4b955e17aefa539c15240ed24ced5196
2707627,regression_ready/trades_by_market/2707627.csv.gz,10826,1782558979,1782776395,1794822.3492212744114984,62c9be49eb59fff01de8a8f7e98e0ea60750e140c90e91d2d640c8ed6b45d40b,9beab2e146f86fecc57df21d0ec40301538d1a6b857bdde03ea86bdd77fc4f22
2707636,regression_ready/trades_by_market/2707636.csv.gz,10050,1782555613,1782846733,1513394.6620901584504001,5b181245e2059dd2a181d79679cf87be3620680e918cdd436f37b57b1ecf136e,d5319c60815ff7985eb203b6a8626d0ad424353b49e1a5fe89fdec3baa9b1c8a
2707637,regression_ready/trades_by_market/2707637.csv.gz,10450,1782559075,1782846646,2220993.2182173978756089,3180400afbf59cd1822c8821901ca45e347b8340dc1a67c455c0d409ee09b701,054c6ee61857daacd9877a4fea6d6e85b4810d9d6cc8f8629e6178e4393b9e9a
2707639,regression_ready/trades_by_market/2707639.csv.gz,37447,1782555095,1782847055,9198014.1469342596384195,dee67cf0aaaaafbf89394b602e9bd88866429480ff02adf4b39cd185570e5d39,982bb5204f38c3384435bc62c5c8017264fa2baf8ec9ec04859f5ff88dfd52d7
2707644,regression_ready/trades_by_market/2707644.csv.gz,27457,1782554839,1782861064,13916166.4317912835661802,73003bf2bd1ac5c3809af95e51204c7da9f1ca99bc93466b6e4350cbb38c485e,b3b0661643e932b349d4ee3fa4943243f531afe25806194ee64488d6d19bfa1e
2707646,regression_ready/trades_by_market/2707646.csv.gz,4967,1782560263,1782860797,714471.6439707549376772,51d2843d46676b1c3efcf1a5ffda469552b5cc5acd2bdcaf06bc4b32ac13df31,757abee6d1968ac23cd4c2d8a429f6ea33a8482fada4c515866a2d9a8c8471d5
2707648,regression_ready/trades_by_market/2707648.csv.gz,6340,1782559024,1782860633,1787910.3004848281166288,0b9b75877116b4070a911810f5b0addf4926107f667f4bb3b16f86398725ed81,b98a76ff2fab39af3e88472ab7950db3a6913e6e6f0d51703a2bdfe949486eda
2707653,regression_ready/trades_by_market/2707653.csv.gz,13001,1782556115,1783113229,1746794.9369182796119173,fd0289ea3efcc198e130c6c94e9dd931ebb8fabf26054900c336d9bca9795ef4,e2277f6ba3c2729262d598fd75068be39b814544b1fca4e9edba2cb3de042044
2707655,regression_ready/trades_by_market/2707655.csv.gz,9928,1782555241,1783113482,2254421.7524082481273021,296621fe36c5c89dba3ad64a168c60775e802115f3c225e90f617e58e03c6ed6,e76c437717d88b5c6ef2d62fa0fd3040d3f99271f8027c7959c28f22e5fad591
2707656,regression_ready/trades_by_market/2707656.csv.gz,22151,1782555662,1783112650,4740534.0831907221447487,eb20e4cccc4d095c3f6a6c6bcecab6a7ce27e0798632b94fb7c5e0fd5b2c76ea,1a10a64def4c70e5d2982a0cf45c54554f837ba4128c7fb59efc741bd8662f21
2707658,regression_ready/trades_by_market/2707658.csv.gz,39572,1782555715,1783126786,11681772.0889213456034640,490c12a876b6f96431faac9b36759c75d3c2f3d5cd3300c0b132829015266321,51e6ddc9e367cfeaed5bd9c337c67985e9d4105ec31841a52ca93c3b2428b53a
2707659,regression_ready/trades_by_market/2707659.csv.gz,16743,1782556394,1783127041,2467069.6275750675708281,0aa2fcd71531731ed00d844607c4fc63c4af93dd074dc65e3b3e52b40b44a70e,a79157d760fc0482581d77da10ce66a779a2526e05915a023787f5e139505f44
2707660,regression_ready/trades_by_market/2707660.csv.gz,20135,1782556394,1783126313,3033487.4454530979004633,6827a93e3a44f613572655ab999209d09b0075f946a326882ed53b3ae7953c07,e99a278c8b450e33f4ed128693c8b0785cc0d229e242d874984d061af4e9dd01
2718892,regression_ready/trades_by_market/2718892.csv.gz,29175,1782641329,1782892835,7323825.6836544396699124,6520e6fa367b5ed0773f9c6d99a3ce3ae1e2d46406d266c563198e5ca733eb0b,134ce88a8990997ffb009be8f3fb0d71b9bb260937ed9e0de570ac80e8fd1130
2718893,regression_ready/trades_by_market/2718893.csv.gz,8442,1782641297,1782878897,3217254.6220492492520182,69f53ef7cff12d3439f16180d8cac57021c603b0f5ab54ed118092c0dbb0d7f6,113dd65f8f89be3e61301f2f9ac503cbed276fad51d4f59df1a8a278a130ab7e
2718894,regression_ready/trades_by_market/2718894.csv.gz,8667,1782641516,1782878830,2651750.2957141870670338,7a305e4bca0a91bd34a1e47ef709dbb53076107a5c19854c3df28d6d48db0d08,c08c06ba57ee69acbc21b9cd6641c9692241ae1836e0a749790bc5a8ec23f74d
2718900,regression_ready/trades_by_market/2718900.csv.gz,37347,1782641498,1782930382,8189042.0576812517289981,eb2129abbe1693cc9de73cc279f5304b0e6648d9ff9a04a8679894f53b56fcd6,e6fc263638dafaa649097f790be21f14aa21ba996f82c87ac6460eeaf159d1bb
2718902,regression_ready/trades_by_market/2718902.csv.gz,14607,1782641963,1782929704,1944956.3283305460920730,db0b6a4646322a66bcb6c75e72c8b670763f3aab89825ee826e7380973c76fe8,93bfd1534471b736ff817802f459df39be6d043bc0e3ca4bf90937e7918da0a0
2718903,regression_ready/trades_by_market/2718903.csv.gz,16251,1782641596,1782929696,2406826.2511909909784806,3ea61d9a386872633e8c0a60abd8bae9fb3cbdea3e3a0c86e649e254720e296e,1e567ed4bad22603aafc87c5eb7a9625e676779bdad47b994ee1c6a3ba2bd3d2
2718907,regression_ready/trades_by_market/2718907.csv.gz,23223,1782641936,1782947282,14632302.8084145272688290,d4d7a959a284ff5c65c77b2beba3e29231c247e5357bff5091de8a36395a2590,394bbaf458d5dcf726217ac4a2479235601372993848f43b2080aa39dcbb9b19
2718908,regression_ready/trades_by_market/2718908.csv.gz,12350,1782642929,1782947986,2141440.4422972870164531,e632b69d6bd0000a3665de43f1dde6304bc7cbb24c7fc91ba5fa77c6cef717bc,45ca38089b3199c31186b97d29b16f983353d2556abf20bb0abaa0c030d47eae
2718910,regression_ready/trades_by_market/2718910.csv.gz,21345,1782641906,1782947209,5998333.3232653830677347,8926cab8a289685dc873e1856d458653f94d83f50498e076f6d8886d375f7b92,d344d68ced34c0da64ed8743a32ff2f7b16c975dd408130ce9a93653066b122c
2718913,regression_ready/trades_by_market/2718913.csv.gz,24753,1782642074,1783027886,6862879.4714582764830816,45148b455b4ec4292b570b376e5a0e6a6c4157be0c0ebd61720d6e2eba814f91,e7de5764c18eb5d2fe06351839270d37c1683e6a0ab3bd2cc816419e9635e3d1
2718914,regression_ready/trades_by_market/2718914.csv.gz,5381,1782642940,1783027376,1010566.1040139753852260,578f2058ce3877840e6f0984c58af2e719497f66a4596bf953b3a4a491e09c3f,cea4f1cc3dfba4d362552d80741cdee9ff7c6d208db88a6e1050c0ac9b75fb53
2718915,regression_ready/trades_by_market/2718915.csv.gz,6699,1782642856,1783027378,1270815.7831891220738627,4eeb3b357efccca4bcbb47214fcb0ed317f9387ecfd323a735a477a2efd6c13b,1cd1aef5c854e6c4256cd3bc193e710a6cccf15fd9c28d472d76ff1d93e5297d
2718919,regression_ready/trades_by_market/2718919.csv.gz,36277,1782641698,1783041976,8672036.7625522994282993,8257b7e207365140df5b21e1238bc02a3405d70b7b690d6f2623a26cee74730d,5d1b2f4c0560a091c1b50b0b2251cf78a1a7e54b05fb374be2cc4021a903cbc9
2718920,regression_ready/trades_by_market/2718920.csv.gz,17323,1782641855,1783041583,2431509.0221659621899235,5691bc09c8bc0a7dfb689f739ae4b17e5c627b9412ea52476ab2247a042bf8ed,94a45844bd57d689f8dd5d48d77fe20bc01b291ab1f3f673c524f5b9fb36e4a2
2718922,regression_ready/trades_by_market/2718922.csv.gz,17465,1782641692,1783041742,3328397.1888691762865495,ba7c1a8ecd35f9cbd6e7587c40e44be150f56b2278a3eb86860774902ba50633,31b359c9914e85f66c755850adcbb28334ecf3972073fe007b0f345c3c81920f
2718925,regression_ready/trades_by_market/2718925.csv.gz,19983,1782641372,1783056032,5863781.0891583740946605,602f63cea4aa274855630f2406a78c881663219bd7a8dad2dda5975d2cdf5f75,0ed73392cda6b65241fd92f65f05bf58c6dcd755b82801cb8769baf2711727d6
2718926,regression_ready/trades_by_market/2718926.csv.gz,5520,1782642947,1783055318,875959.8858997183474425,bd55a3b21330906f481412c4d23bc45d06ad8d595d2450e64e2556b77b8d207a,302eef107cd7b0cfad036042367fc9875deca4e7fad0f1ca3ad371af1e37f931
2718928,regression_ready/trades_by_market/2718928.csv.gz,6168,1782641243,1783055336,1624377.4719871628149212,1f0a83216fb9285fbcaa019107a5d55acd6de2920c3630f4ca8900176c7656ab,34a318d73fa332fcefcad4741907685133033ff775ecf66d0f75272588d74369
2718931,regression_ready/trades_by_market/2718931.csv.gz,17393,1782641383,1783137029,3466494.9914171190170277,c6057781da89df00f1e9e2352580d6d33feac78ca64ef0d97ba966ea43e7724e,e459154c87eda41a594fad5d60024df3f0ed99ffea9cbf20005dfbdf552befde
2718932,regression_ready/trades_by_market/2718932.csv.gz,6170,1782642968,1783136789,887337.1570757644808893,be0165673f90aaeec2ce8391a57b3c710dce6b04a98d683cf3163c4ae1b6c0ac,12281c9a8f3ee7171c15fb167ad187cfc3f5cda031e77846e82520d542df363d
2718933,regression_ready/trades_by_market/2718933.csv.gz,7162,1782641717,1783136584,1709364.8683552024838505,9aded6b8b10db753add9e4d8bdb0c153ab57e5da776118aee6146ac938354498,48ee4deac54969dd7ee3f707c558abc9df386d88197d170b081a814ec664620f
2740917,regression_ready/trades_by_market/2740917.csv.gz,11126,1782816289,1783192676,5526362.8892871294615759,fc5ef7f728e2f258af2d1f0d072bddb8bb81d6d59dd5df462667478072d63bbd,c33acda03ff5057dedd6b5b28f904d8a742d52316f038cb2068d24f32fde4520
2740919,regression_ready/trades_by_market/2740919.csv.gz,7965,1782817301,1783192664,1659091.9870192729979045,0464ad5632bf07c9130e5f08a53016992338ead26f7682767dab6859aa8eafd7,08de25ef0314cfde27c9d3bbec6dbb88e1d7698a6a20b6c40c1d80113326461e
2740921,regression_ready/trades_by_market/2740921.csv.gz,36256,1782814297,1783192835,17994187.8100768455974924,d83dbffafd4cd8a0ee27ff1d9e96acec091f552ca6be9f7ff6922fb0ab0af59e,ae2c774e17894af1d90fd3a87bba201753aac511755f76fcef2244d15d8137d3
2754625,regression_ready/trades_by_market/2754625.csv.gz,9997,1782901105,1783206959,2337720.5949215002346010,5a26b0644f63617ec8a9db0c53edd23ee8f7df4c5ca5d5d52e4d7612fe9a3a09,4b6f5d508f393cd8c6b9602fae5cb0710ff0388ea2d9275841c8db00fa405db5
2754627,regression_ready/trades_by_market/2754627.csv.gz,9373,1782901123,1783207030,1252268.8406400252706021,044547a559e71acc5200029e225204d1d1f4eaf6e2eef341e8bea21320b18723,7faafc8912c7e5b469f43474bba133c8997edb822681488a68fb3051504db6a0
2754628,regression_ready/trades_by_market/2754628.csv.gz,27618,1782900409,1783207213,8593860.8938759732596893,42688f1e15861a3ac87df590d9acccb976a44a3d6d5e387c6c7af9a45e0a35d4,0c34fbc6e8335c136eecb628758f53572f6ee8a4e1c8cb068b82f3b6603470d4
2754647,regression_ready/trades_by_market/2754647.csv.gz,33947,1782900653,1783289806,6659818.1047328116148148,d1561dbacdda7feb08b7703006d9866d4ed79d7533a9201284f85a9b5780db4f,1fc4ea0f7832aa3f4d01a857bb549e3a11e4b645daef38c2af08c63680eea2f7
2754649,regression_ready/trades_by_market/2754649.csv.gz,11987,1782901165,1783290007,2473819.3554423988025357,9f8b37b85fbf5ab278f8d602f2adb3c5a7891248a3983d1c3ceb6bef9997dd93,d696fd0a07a142309cc659dd94016816c22a766eaa5899882cff27b6d09f2663
2754651,regression_ready/trades_by_market/2754651.csv.gz,27131,1782900638,1783290211,5362033.9883004265820772,f2c3552e29b28da68880c2f9a7b65f514263fd3e56437d06969ed85d572d1180,2507ad22bcbcfe20a98977d3957057939a4c88c39f4a935de01da1f3bfa77981
2766759,regression_ready/trades_by_market/2766759.csv.gz,32455,1782987125,1783307939,5401864.9184963736961991,86565834f2f042b0dc31b75780ba9206753009bfc5b05270d83b0715c96600c8,51474d027c3a7ab9f3407238e1483522424b5951b118c3c992623c8998c6f47a
2766760,regression_ready/trades_by_market/2766760.csv.gz,15666,1782988166,1783307914,2572457.6318523385078044,4a4150e2a6990ef77d85bde059d09b3df2fd2c66dec787e2e862996878a57f49,9a6a3a9df92f08c0c73dd401fbf1c273c9f79fbad7af60efdc4d2721ee03012d
2766762,regression_ready/trades_by_market/2766762.csv.gz,30295,1782987236,1783308158,9037861.3169025541577067,5d3b3e1cb1fa5571dcaac469f65e0a49e41a58016322fd75a4c8d5e817beb795,2e74905d80fe971b7c4b8d6f91cb1e4a3ba7f1492e14a00548ffb7560a3c14ed
2766773,regression_ready/trades_by_market/2766773.csv.gz,25737,1782987553,1783390253,7991055.4746196209212539,d6fef4bb558d2da540d14037337a43439e489b176ab35ff2530aa06905ab0a9c,c8e744cf15450216a696abdfe24a0c102e16e30c5b32b8df9aa40d490e0c2287
2766774,regression_ready/trades_by_market/2766774.csv.gz,9048,1782987517,1783390258,1329440.1500239525702567,a34bd2891f5dc13ad7cc90d36cb3303f12dda08c015787785672291c7264bc42,5aac871e6ff2a3b09607cc983d1c9ae9b74422f0b472c24bdd668c0ccb6c59c3
2766776,regression_ready/trades_by_market/2766776.csv.gz,18695,1782987688,1783390426,5149222.5462321219469666,1579a08f864edbcec0db672f69699e4843fb15843df8b4cb7e223323030418c8,4795a256611b144affe8056344b78d38c9825eb4d0c96e6f36ab8ae192505c60
2781973,regression_ready/trades_by_market/2781973.csv.gz,24921,1783073537,1783372439,6709394.5141913516314286,fa29d3e67cecae525896216bcec79efd50870b48fc13ed79cad513a63c78bbc3,28f671f56ca8fbeac8faa9d4fa67a1f9dd7d4a26c8b959ffb32696cd981e4e68
2781975,regression_ready/trades_by_market/2781975.csv.gz,12710,1783073993,1783372369,1583259.9998541097634701,31b928d29cd538afb968ae39a32a0fd84a5c27d91ff258e179656388e029b8fd,c791c66b8b6843d8a2408b8ac976d0f79f68164535320b0631754900b7c78870
2781976,regression_ready/trades_by_market/2781976.csv.gz,29546,1783073357,1783372793,7160730.5325387284628010,355f8fef38066205ea38ac24c6bd70245236f60ba67ce6100566cb1124c694dd,024cce8915974bc2ca6a5266d3f9aac92d30f87bb63d297b6d8483f7ccd48f55
2793738,regression_ready/trades_by_market/2793738.csv.gz,55762,1783159901,1783449005,10497558.0042600067729549,35d909b30c86672ee4b2c0ced6d456a6c5719d38e77445fb297b7b968b25bca2,82f16de8ed0daca6c77ac81bbf5be9054cb267cedc6cf62151223533fcfe37c1
2793739,regression_ready/trades_by_market/2793739.csv.gz,18540,1783159955,1783448716,2683369.9893724498593566,6acd3d36de10832855e935b73c0207b84dc76f357a6628b7f8450b941df07188,3922909e7939f69b4005f9c6b24396bf3761e67d1f9e076126e58df7a8848878
2793741,regression_ready/trades_by_market/2793741.csv.gz,27798,1783159799,1783448614,5461882.8589657198797508,3fdac88ec9084c4a6cde39a9f2ce8847982a2307739589dafa917c53f98f176f,0007699c7827b65504fa06f7edafffa8263d013c4349fe37d9d0ffcc7a566b60
2793753,regression_ready/trades_by_market/2793753.csv.gz,13878,1783159622,1783465571,2662611.7955401486372388,9aa1d6f6178ceb6b909022e6e946ccc1fb7dd67dd9152d2b3cdd5f4f237ce91a,482da9e33056ec049020eb8e9690493ddf19c7d29644651d85437358702cbeaf
2793754,regression_ready/trades_by_market/2793754.csv.gz,9118,1783159718,1783465897,3940181.9184872371392963,ef8544e64903b2966ef11b1e945643c664b363f09783efcef3b3d7fe9281e185,3894815f9b9e87d726613292a41e1ef89f28ccaa2f22a165b3dfcd5b0120e76f
2793757,regression_ready/trades_by_market/2793757.csv.gz,25202,1783159618,1783465649,6224169.6087861835571163,2899c35b07052f07679bf40ec306be218afdefda9b77a9de18b8a079a7b6eb33,4f4338707a2077244d19ed1dd7be517bac1e3e0230a85b227e431443b6380f71
2804853,regression_ready/trades_by_market/2804853.csv.gz,42557,1783246259,1783636390,12337525.1540607200902803,2595aceb7ff9b3e7833d92a19af931c08127bee4c6e9b2696dba0570e656908a,f1dfd79f998f2120734c4f97b50830a45651348ecdcd689060b89bb4c6bf6156
2804855,regression_ready/trades_by_market/2804855.csv.gz,10838,1783247084,1783635122,1770189.9076303776976302,ca00f9c6dca02f1abc034dfec13e1bdeb37f1ce7993f28930bd4ec1d02e32999,cf6fd47eda4fd3fe7269f6688b0446917928954afa8ce88333653d3606c6a926
2804857,regression_ready/trades_by_market/2804857.csv.gz,18037,1783246277,1783635194,2937631.8171440745319267,de3caf3d000ec7cf9f299d57770b046505311f4fda581ba50b33b4b744d4e7b4,ee4544e06d3b3f38f685f2a8cbc687767203faf62d008be87e3833c1a9ab0fe2
2815441,regression_ready/trades_by_market/2815441.csv.gz,45679,1783332385,1783814347,6013559.0289196732383889,665a6e70a811dd49afe0713a0eaed81658942978a7075387ae36c19487997fcf,c6d3d8e7f32f9383d162cd64394c566669c1cb3d98eda7623bd0c372bcb713f5
2815442,regression_ready/trades_by_market/2815442.csv.gz,15375,1783332380,1783814671,3209220.3815884345805718,02bd6ff6ee13b3d4372db5dfdfba6f3482f9d6f8646aeaea14679d8f78738af2,98768276b646cdd3415f68e00cddd49a59b5458e5168f7241d0ea2851f098713
2815444,regression_ready/trades_by_market/2815444.csv.gz,32351,1783332458,1783814399,9356871.4205115236274249,79f079c52f15490b99e61acdb880c96ddfc90bfeb5f65c08bcceaa2d64cad887,d05df439880ea36297826f772effdf8c9fc841b10e89334a774c0d092359460f
2829164,regression_ready/trades_by_market/2829164.csv.gz,49475,1783419161,1783719319,12442616.4021170801951707,d82ccfd946438bc1da3426cccd253a7b554e70a3c7aefc05fccafb5218b65c41,c1389f28087cb5378fd9a3381ffb2ab70e56af00a363146f8fa757c1f74c860e
2829166,regression_ready/trades_by_market/2829166.csv.gz,13097,1783420259,1783717973,1859976.6972204343136401,d176252220ed1c12467f1d909cd36e64c0646920df67043796c8574de453debc,eec54215d16284eea5c4978d226e6605d89e1a3dde14b5bc0025907b4491b7e1
2829167,regression_ready/trades_by_market/2829167.csv.gz,17417,1783419290,1783717820,3058428.7124931159671099,6266b13111744a68756d316baebee10a2239203a19a9ac6fc6f224ee05f6d1ca,c1b47f1ea000ce32359ee875dbd04544933b377163930ee52c16c8d6894d2867
2844058,regression_ready/trades_by_market/2844058.csv.gz,42649,1783505231,1783828558,9210124.5834014911374534,51aa198259182eaf7535ab05be7bc79d086e34efc6853b963cfcec215a64430e,6fd207cea8919c31a209897bff7729fd8fc59d483273230900af5665ba7c0c9e
2844059,regression_ready/trades_by_market/2844059.csv.gz,12938,1783505204,1783830691,3542161.7641688129767071,4cbda6e1a610ba2431f34f7b91db7e11c1c2b9c950bd75087aeec96e17d5fd4e,d282fff67b053d63dbe9a33fa80dfa4a399f993fe0078a8994f7c468acf50ab6
2844060,regression_ready/trades_by_market/2844060.csv.gz,13440,1783505413,1783828523,2151676.5090188250461868,a67edbd999752568c54216a5812b6a1a3134f647b577814839348272362c889a,56f01a2ed4d5416f080a787d9a4e22f60ba0aab4d873a649f212916e8ea32e05
2879968,regression_ready/trades_by_market/2879968.csv.gz,44778,1783764598,1784063674,14993899.9131052472931487,a2b928d5ca6091e97956997431b6aba66fd747c505b3ccd5723d3d39f6f72fa9,1329f88072768979b2e88dba9b20a08e09a879426c3fcb5d6476a3f18bb2de89
2879969,regression_ready/trades_by_market/2879969.csv.gz,13387,1783764838,1784063675,2648271.7499708272593672,02f27e797ec018a77ed0fe8193662d7fed4ce2fbd066db19129bb20c9846ff81,3001141d30a7dfe640c3d32d0297c6754d96b4c785a80f8e5549305dd9dbddee
2879970,regression_ready/trades_by_market/2879970.csv.gz,17465,1783764496,1784063987,5653710.6553649703495588,ad7c1c027897705700724443a022b5fbd99bed9c8e80cf0746c0faddaaf9b30e,947a2e5c6bfacc4b7a3a5cc7ca7e50b6030356236c67fa54b0e374d62986d175
2891165,regression_ready/trades_by_market/2891165.csv.gz,26046,1783850923,1784150311,7975396.2646237723638689,9b8aad68cc2008eb45a743213f63d861a5bd99d1d3fa9e640e62752d6897cfc6,556422f725f290fc2d7ade3694eb8756ca23689b9629a991bd224e5216852d48
2891166,regression_ready/trades_by_market/2891166.csv.gz,15860,1783850978,1784150218,3544822.2022208860227359,cb6510bac1ec287714003db792481b89139e4e649da96234c60ab3a328848a46,0d481cc72891a726c6e2b1602bd910ee4114ae8a34fa7fc9f2e1f9f19babc512
2891167,regression_ready/trades_by_market/2891167.csv.gz,31919,1783850894,1784150512,6194132.7693157913728596,1ba89fad49b55d631cc53a66644888c292b0dcd56166fef8b19c5ea548b56652,4ad169e6eb926b2b1b5a40750768d5cb1535a49f4d5cfe58d7f14f615d7b90de
2941971,regression_ready/trades_by_market/2941971.csv.gz,27107,1784170466,1784416753,9229255.7622235362426523,bf7066c666f3b2da13e0d1d7862ecdb68f879dceac29a613e08f65bf24a0763b,783920f99d6248eb8b5a32440a7ef5e27c9ec8056393ffaafe3d02672ab32abc
2941972,regression_ready/trades_by_market/2941972.csv.gz,11409,1784170778,1784416440,3294983.9141859855435911,8f5051de4a67cb05bbb87317a91cee3f1dad9c7117f25366434688143633652b,5416d567ba438f814c664a9ed767fdf869b72ead861a88e964c974c5970ff985
2941973,regression_ready/trades_by_market/2941973.csv.gz,17836,1784170709,1784417172,6563125.0867287557041529,d07dda7e7578d5d2655ec8aa86a2191258a19f8fbd5631f8a46a1b82841eb642,a872733222228a9663ce6fae0d1e94a730cb4f856be7c0b6c22a50a9febb0fdf
2941974,regression_ready/trades_by_market/2941974.csv.gz,19439,1784170880,1784499601,6263479.0246546358180304,848341769a3b5dd7cd21c3834a559c3efdfe3ab35a4fdc24f149f40d0c94b74a,be2bef0ef809077b2ebc72d47fb94ad40464424e9ff59dfaa9e2b1dc6b62242d
2941975,regression_ready/trades_by_market/2941975.csv.gz,11470,1784171213,1784501632,4312350.8202467461970087,c8e183da299689cff1ade3454d521f8f894bfcc37c4f903f904b940965a277e1,5ff2d2327a1c9549a15284a4e56a4bda4238f478d19938cb546267e079d08fef
2941976,regression_ready/trades_by_market/2941976.csv.gz,25846,1784170877,1784499667,5695741.0734655722065436,ef946637c8a6ca0446ab01fe49e6e73f58d88ee9ff37569e2ae493ab0a28b5c0,4df9b7422da9996a6e80d7b8d6d1f591eaa12b7d557fb1bf51b21c81dcc1f16f
