classification_family,specification,event_id,large_action,dynamic_high_activity,actions,any_next,same_next,any_next_action_5m,same_direction_given_next_5m
whale_volume,expanding_top1_primary,12,0,0,4403,201,115,0.04565069270951624,0.572139303482587
whale_volume,expanding_top1_primary,12,0,1,589,303,174,0.5144312393887945,0.5742574257425742
whale_volume,expanding_top1_primary,12,1,0,19,1,1,0.05263157894736842,1.0
whale_volume,expanding_top1_primary,12,1,1,55,8,8,0.14545454545454545,1.0
whale_volume,expanding_top1_primary,13,0,0,9815,528,260,0.05379521141110545,0.49242424242424243
whale_volume,expanding_top1_primary,13,0,1,2718,1426,995,0.5246504782928624,0.6977559607293128
whale_volume,expanding_top1_primary,13,1,0,74,10,9,0.13513513513513514,0.9
whale_volume,expanding_top1_primary,13,1,1,120,28,20,0.23333333333333334,0.7142857142857143
whale_volume,expanding_top1_primary,14,0,0,14804,650,373,0.04390705214806809,0.5738461538461539
whale_volume,expanding_top1_primary,14,0,1,2502,1425,980,0.5695443645083933,0.6877192982456141
whale_volume,expanding_top1_primary,14,1,0,31,2,2,0.06451612903225806,1.0
whale_volume,expanding_top1_primary,14,1,1,114,28,23,0.24561403508771928,0.8214285714285714
whale_volume,expanding_top1_primary,15,0,0,12111,542,318,0.04475270415324911,0.5867158671586716
whale_volume,expanding_top1_primary,15,0,1,2094,1108,781,0.5291308500477555,0.7048736462093863
whale_volume,expanding_top1_primary,15,1,0,38,1,1,0.02631578947368421,1.0
whale_volume,expanding_top1_primary,15,1,1,83,16,13,0.1927710843373494,0.8125
whale_volume,expanding_top1_primary,16,0,0,12768,640,349,0.05012531328320802,0.5453125
whale_volume,expanding_top1_primary,16,0,1,2524,1334,929,0.528526148969889,0.6964017991004497
whale_volume,expanding_top1_primary,16,1,0,27,0,0,0.0,
whale_volume,expanding_top1_primary,16,1,1,84,17,15,0.20238095238095238,0.8823529411764706
whale_volume,expanding_top1_primary,17,0,0,24580,1153,501,0.04690805532953621,0.43451864700780574
whale_volume,expanding_top1_primary,17,0,1,3833,2187,1401,0.5705713540307853,0.6406035665294925
whale_volume,expanding_top1_primary,17,1,0,81,9,7,0.1111111111111111,0.7777777777777778
whale_volume,expanding_top1_primary,17,1,1,139,23,20,0.16546762589928057,0.8695652173913043
whale_volume,expanding_top1_primary,18,0,0,12564,479,268,0.03812480101878383,0.5594989561586639
whale_volume,expanding_top1_primary,18,0,1,1951,935,747,0.47924141465914916,0.7989304812834225
whale_volume,expanding_top1_primary,18,1,0,28,0,0,0.0,
whale_volume,expanding_top1_primary,18,1,1,54,5,3,0.09259259259259259,0.6
whale_volume,expanding_top1_primary,19,0,0,18484,796,378,0.04306427180264012,0.4748743718592965
whale_volume,expanding_top1_primary,19,0,1,3421,1889,1263,0.5521777258111663,0.6686077289571202
whale_volume,expanding_top1_primary,19,1,0,38,1,1,0.02631578947368421,1.0
whale_volume,expanding_top1_primary,19,1,1,94,21,13,0.22340425531914893,0.6190476190476191
whale_volume,expanding_top1_primary,20,0,0,9155,323,153,0.03528126706717641,0.47368421052631576
whale_volume,expanding_top1_primary,20,0,1,1627,626,422,0.3847572218807621,0.6741214057507987
whale_volume,expanding_top1_primary,20,1,0,22,0,0,0.0,
whale_volume,expanding_top1_primary,20,1,1,55,3,1,0.05454545454545454,0.3333333333333333
whale_volume,expanding_top1_primary,21,0,0,19705,1008,412,0.05115452930728242,0.4087301587301587
whale_volume,expanding_top1_primary,21,0,1,2662,1345,850,0.505259203606311,0.6319702602230484
whale_volume,expanding_top1_primary,21,1,0,79,4,3,0.05063291139240506,0.75
whale_volume,expanding_top1_primary,21,1,1,126,20,8,0.15873015873015872,0.4
whale_volume,expanding_top1_primary,22,0,0,21259,1015,538,0.04774448468883767,0.5300492610837438
whale_volume,expanding_top1_primary,22,0,1,2953,1517,1093,0.5137148662377243,0.7205009887936717
whale_volume,expanding_top1_primary,22,1,0,50,3,2,0.06,0.6666666666666666
whale_volume,expanding_top1_primary,22,1,1,96,11,6,0.11458333333333333,0.5454545454545454
whale_volume,expanding_top1_primary,23,0,0,12391,541,254,0.043660721491405055,0.46950092421441775
whale_volume,expanding_top1_primary,23,0,1,2122,1043,750,0.49151743638077283,0.7190795781399808
whale_volume,expanding_top1_primary,23,1,0,28,2,1,0.07142857142857142,0.5
whale_volume,expanding_top1_primary,23,1,1,80,10,7,0.125,0.7
whale_volume,expanding_top1_primary,24,0,0,11775,499,231,0.04237791932059448,0.46292585170340683
whale_volume,expanding_top1_primary,24,0,1,1724,588,437,0.34106728538283065,0.7431972789115646
whale_volume,expanding_top1_primary,24,1,0,11,0,0,0.0,
whale_volume,expanding_top1_primary,24,1,1,89,21,19,0.23595505617977527,0.9047619047619048
whale_volume,expanding_top1_primary,25,0,0,17499,935,480,0.05343162466426653,0.5133689839572193
whale_volume,expanding_top1_primary,25,0,1,2552,1254,838,0.49137931034482757,0.6682615629984051
whale_volume,expanding_top1_primary,25,1,0,65,18,18,0.27692307692307694,1.0
whale_volume,expanding_top1_primary,25,1,1,115,22,14,0.19130434782608696,0.6363636363636364
whale_volume,expanding_top1_primary,26,0,0,13279,460,231,0.034641162738157996,0.5021739130434782
whale_volume,expanding_top1_primary,26,0,1,2029,1076,831,0.5303104977821587,0.7723048327137546
whale_volume,expanding_top1_primary,26,1,0,23,2,2,0.08695652173913043,1.0
whale_volume,expanding_top1_primary,26,1,1,68,9,6,0.1323529411764706,0.6666666666666666
whale_volume,expanding_top1_primary,27,0,0,13014,641,341,0.049254648839711083,0.53198127925117
whale_volume,expanding_top1_primary,27,0,1,2371,1134,907,0.4782792070856179,0.7998236331569665
whale_volume,expanding_top1_primary,27,1,0,15,3,3,0.2,1.0
whale_volume,expanding_top1_primary,27,1,1,79,11,9,0.13924050632911392,0.8181818181818182
whale_volume,expanding_top1_primary,28,0,0,19847,907,441,0.045699601954955406,0.4862183020948181
whale_volume,expanding_top1_primary,28,0,1,3453,1678,1219,0.4859542426875181,0.7264600715137068
whale_volume,expanding_top1_primary,28,1,0,37,3,3,0.08108108108108109,1.0
whale_volume,expanding_top1_primary,28,1,1,167,32,29,0.19161676646706588,0.90625
whale_volume,expanding_top1_primary,29,0,0,21056,1213,584,0.057608282674772034,0.4814509480626546
whale_volume,expanding_top1_primary,29,0,1,3924,1955,1326,0.49821610601427113,0.6782608695652174
whale_volume,expanding_top1_primary,29,1,0,53,8,5,0.1509433962264151,0.625
whale_volume,expanding_top1_primary,29,1,1,207,17,14,0.0821256038647343,0.8235294117647058
whale_volume,expanding_top1_primary,30,0,0,17248,585,320,0.03391697588126159,0.5470085470085471
whale_volume,expanding_top1_primary,30,0,1,2619,1193,947,0.4555173730431462,0.7937971500419112
whale_volume,expanding_top1_primary,30,1,0,30,1,1,0.03333333333333333,1.0
whale_volume,expanding_top1_primary,30,1,1,91,8,8,0.08791208791208792,1.0
whale_volume,expanding_top1_primary,31,0,0,11813,511,274,0.043257428257004994,0.5362035225048923
whale_volume,expanding_top1_primary,31,0,1,2563,900,708,0.351150994927819,0.7866666666666666
whale_volume,expanding_top1_primary,31,1,0,18,0,0,0.0,
whale_volume,expanding_top1_primary,31,1,1,111,21,17,0.1891891891891892,0.8095238095238095
whale_volume,expanding_top1_primary,32,0,0,13931,550,279,0.0394802957433063,0.5072727272727273
whale_volume,expanding_top1_primary,32,0,1,2178,851,573,0.3907254361799816,0.6733254994124559
whale_volume,expanding_top1_primary,32,1,0,26,5,4,0.19230769230769232,0.8
whale_volume,expanding_top1_primary,32,1,1,109,18,18,0.1651376146788991,1.0
whale_volume,expanding_top1_primary,33,0,0,17616,656,312,0.03723887375113533,0.47560975609756095
whale_volume,expanding_top1_primary,33,0,1,3030,1496,938,0.49372937293729374,0.6270053475935828
whale_volume,expanding_top1_primary,33,1,0,14,2,2,0.14285714285714285,1.0
whale_volume,expanding_top1_primary,33,1,1,114,18,13,0.15789473684210525,0.7222222222222222
whale_volume,expanding_top1_primary,34,0,0,22811,854,522,0.037438078120205165,0.6112412177985949
whale_volume,expanding_top1_primary,34,0,1,3655,1667,1085,0.4560875512995896,0.650869826034793
whale_volume,expanding_top1_primary,34,1,0,51,6,6,0.11764705882352941,1.0
whale_volume,expanding_top1_primary,34,1,1,242,71,65,0.29338842975206614,0.9154929577464789
whale_volume,expanding_top1_primary,35,0,0,11064,440,226,0.03976861894432393,0.5136363636363637
whale_volume,expanding_top1_primary,35,0,1,2449,807,626,0.3295222539812168,0.7757125154894672
whale_volume,expanding_top1_primary,35,1,0,15,0,0,0.0,
whale_volume,expanding_top1_primary,35,1,1,123,30,20,0.24390243902439024,0.6666666666666666
whale_volume,expanding_top1_primary,36,0,0,17935,713,356,0.039754669640367994,0.4992987377279102
whale_volume,expanding_top1_primary,36,0,1,3177,1398,929,0.4400377714825307,0.6645207439198856
whale_volume,expanding_top1_primary,36,1,0,51,5,5,0.09803921568627451,1.0
whale_volume,expanding_top1_primary,36,1,1,150,31,26,0.20666666666666667,0.8387096774193549
whale_volume,expanding_top1_primary,37,0,0,14277,967,295,0.06773131610282272,0.3050672182006205
whale_volume,expanding_top1_primary,37,0,1,2900,1179,874,0.40655172413793106,0.741306191687871
whale_volume,expanding_top1_primary,37,1,0,25,0,0,0.0,
whale_volume,expanding_top1_primary,37,1,1,104,13,10,0.125,0.7692307692307693
whale_volume,expanding_top1_primary,38,0,0,16867,644,305,0.03818106361534357,0.47360248447204967
whale_volume,expanding_top1_primary,38,0,1,2581,1098,830,0.4254165052305308,0.75591985428051
whale_volume,expanding_top1_primary,38,1,0,29,2,2,0.06896551724137931,1.0
whale_volume,expanding_top1_primary,38,1,1,76,6,5,0.07894736842105263,0.8333333333333334
whale_volume,expanding_top1_primary,39,0,0,14290,403,200,0.02820153953813856,0.49627791563275436
whale_volume,expanding_top1_primary,39,0,1,2368,1008,738,0.42567567567567566,0.7321428571428571
whale_volume,expanding_top1_primary,39,1,0,15,0,0,0.0,
whale_volume,expanding_top1_primary,39,1,1,75,17,15,0.22666666666666666,0.8823529411764706
whale_volume,expanding_top1_primary,40,0,0,12585,447,233,0.035518474374255066,0.5212527964205816
whale_volume,expanding_top1_primary,40,0,1,1991,716,531,0.35961828227021597,0.7416201117318436
whale_volume,expanding_top1_primary,40,1,0,20,0,0,0.0,
whale_volume,expanding_top1_primary,40,1,1,92,10,7,0.10869565217391304,0.7
whale_volume,expanding_top1_primary,41,0,0,26934,1002,515,0.03720204945422143,0.5139720558882236
whale_volume,expanding_top1_primary,41,0,1,4880,2230,1536,0.4569672131147541,0.6887892376681615
whale_volume,expanding_top1_primary,41,1,0,38,2,2,0.05263157894736842,1.0
whale_volume,expanding_top1_primary,41,1,1,240,36,33,0.15,0.9166666666666666
whale_volume,expanding_top1_primary,42,0,0,12600,1267,277,0.10055555555555555,0.21862667719021311
whale_volume,expanding_top1_primary,42,0,1,2876,947,674,0.3292767732962448,0.7117212249208026
whale_volume,expanding_top1_primary,42,1,0,18,0,0,0.0,
whale_volume,expanding_top1_primary,42,1,1,120,12,11,0.1,0.9166666666666666
whale_volume,expanding_top1_primary,43,0,0,19094,696,385,0.036451241227610766,0.5531609195402298
whale_volume,expanding_top1_primary,43,0,1,3327,1449,1042,0.43552750225428316,0.7191166321601105
whale_volume,expanding_top1_primary,43,1,0,17,2,1,0.11764705882352941,0.5
whale_volume,expanding_top1_primary,43,1,1,130,22,20,0.16923076923076924,0.9090909090909091
whale_volume,expanding_top1_primary,44,0,0,11400,461,228,0.04043859649122807,0.4945770065075922
whale_volume,expanding_top1_primary,44,0,1,2092,697,426,0.3331739961759082,0.6111908177905309
whale_volume,expanding_top1_primary,44,1,0,23,1,1,0.043478260869565216,1.0
whale_volume,expanding_top1_primary,44,1,1,99,7,6,0.0707070707070707,0.8571428571428571
whale_volume,expanding_top1_primary,45,0,0,15024,772,330,0.05138445154419595,0.4274611398963731
whale_volume,expanding_top1_primary,45,0,1,3014,1339,916,0.4442601194426012,0.6840926064227035
whale_volume,expanding_top1_primary,45,1,0,19,1,1,0.05263157894736842,1.0
whale_volume,expanding_top1_primary,45,1,1,124,14,12,0.11290322580645161,0.8571428571428571
whale_volume,expanding_top1_primary,46,0,0,15132,1087,241,0.0718345228654507,0.22171113155473782
whale_volume,expanding_top1_primary,46,0,1,2723,1082,881,0.39735585751009916,0.8142329020332717
whale_volume,expanding_top1_primary,46,1,0,22,0,0,0.0,
whale_volume,expanding_top1_primary,46,1,1,119,12,7,0.10084033613445378,0.5833333333333334
whale_volume,expanding_top1_primary,47,0,0,14054,426,194,0.030311655044827097,0.45539906103286387
whale_volume,expanding_top1_primary,47,0,1,2426,945,718,0.3895300906842539,0.7597883597883598
whale_volume,expanding_top1_primary,47,1,0,39,7,7,0.1794871794871795,1.0
whale_volume,expanding_top1_primary,47,1,1,105,16,12,0.1523809523809524,0.75
whale_volume,expanding_top1_primary,48,0,0,13908,466,204,0.03350589588725913,0.43776824034334766
whale_volume,expanding_top1_primary,48,0,1,1980,704,488,0.35555555555555557,0.6931818181818182
whale_volume,expanding_top1_primary,48,1,0,13,0,0,0.0,
whale_volume,expanding_top1_primary,48,1,1,63,6,3,0.09523809523809523,0.5
whale_volume,expanding_top1_primary,49,0,0,16747,753,426,0.04496327700483669,0.5657370517928287
whale_volume,expanding_top1_primary,49,0,1,2812,1304,800,0.46372688477951635,0.6134969325153374
whale_volume,expanding_top1_primary,49,1,0,33,5,2,0.15151515151515152,0.4
whale_volume,expanding_top1_primary,49,1,1,97,9,5,0.09278350515463918,0.5555555555555556
whale_volume,expanding_top1_primary,50,0,0,10189,417,236,0.04092648935126116,0.565947242206235
whale_volume,expanding_top1_primary,50,0,1,1786,653,502,0.36562150055991044,0.7687595712098009
whale_volume,expanding_top1_primary,50,1,0,8,0,0,0.0,
whale_volume,expanding_top1_primary,50,1,1,52,7,5,0.1346153846153846,0.7142857142857143
whale_volume,expanding_top1_primary,51,0,0,9330,366,179,0.03922829581993569,0.4890710382513661
whale_volume,expanding_top1_primary,51,0,1,1733,495,385,0.2856318522792845,0.7777777777777778
whale_volume,expanding_top1_primary,51,1,0,12,0,0,0.0,
whale_volume,expanding_top1_primary,51,1,1,84,9,7,0.10714285714285714,0.7777777777777778
whale_volume,expanding_top1_primary,52,0,0,12566,330,175,0.02626134012414452,0.5303030303030303
whale_volume,expanding_top1_primary,52,0,1,2342,928,741,0.3962425277540564,0.7984913793103449
whale_volume,expanding_top1_primary,52,1,0,16,0,0,0.0,
whale_volume,expanding_top1_primary,52,1,1,93,12,11,0.12903225806451613,0.9166666666666666
whale_volume,expanding_top1_primary,53,0,0,12926,548,351,0.04239517252050132,0.6405109489051095
whale_volume,expanding_top1_primary,53,0,1,2513,1035,718,0.411858336649423,0.693719806763285
whale_volume,expanding_top1_primary,53,1,0,23,3,3,0.13043478260869565,1.0
whale_volume,expanding_top1_primary,53,1,1,118,21,17,0.17796610169491525,0.8095238095238095
whale_volume,expanding_top1_primary,54,0,0,14622,558,251,0.038161674189577346,0.449820788530466
whale_volume,expanding_top1_primary,54,0,1,3211,1468,1114,0.4571784490812831,0.7588555858310627
whale_volume,expanding_top1_primary,54,1,0,27,4,4,0.14814814814814814,1.0
whale_volume,expanding_top1_primary,54,1,1,156,34,32,0.21794871794871795,0.9411764705882353
whale_volume,expanding_top1_primary,55,0,0,9156,1084,192,0.1183923110528615,0.17712177121771217
whale_volume,expanding_top1_primary,55,0,1,2195,653,501,0.29749430523917997,0.7672281776416539
whale_volume,expanding_top1_primary,55,1,0,6,0,0,0.0,
whale_volume,expanding_top1_primary,55,1,1,103,17,15,0.1650485436893204,0.8823529411764706
whale_volume,expanding_top1_primary,56,0,0,25532,1444,747,0.05655647814507285,0.5173130193905817
whale_volume,expanding_top1_primary,56,0,1,5746,2532,1736,0.4406543682561782,0.6856240126382307
whale_volume,expanding_top1_primary,56,1,0,56,15,14,0.26785714285714285,0.9333333333333333
whale_volume,expanding_top1_primary,56,1,1,282,67,61,0.2375886524822695,0.9104477611940298
whale_volume,expanding_top1_primary,57,0,0,7628,475,143,0.06227058206607237,0.30105263157894735
whale_volume,expanding_top1_primary,57,0,1,1968,563,466,0.2860772357723577,0.827708703374778
whale_volume,expanding_top1_primary,57,1,0,7,0,0,0.0,
whale_volume,expanding_top1_primary,57,1,1,90,12,11,0.13333333333333333,0.9166666666666666
whale_volume,expanding_top1_primary,58,0,0,19587,802,447,0.04094552509317404,0.557356608478803
whale_volume,expanding_top1_primary,58,0,1,4322,1730,1217,0.4002776492364646,0.7034682080924856
whale_volume,expanding_top1_primary,58,1,0,48,11,11,0.22916666666666666,1.0
whale_volume,expanding_top1_primary,58,1,1,241,45,35,0.18672199170124482,0.7777777777777778
whale_volume,expanding_top1_primary,59,0,0,9541,321,146,0.03364427208887957,0.45482866043613707
whale_volume,expanding_top1_primary,59,0,1,2206,682,502,0.30915684496826834,0.7360703812316716
whale_volume,expanding_top1_primary,59,1,0,10,0,0,0.0,
whale_volume,expanding_top1_primary,59,1,1,87,12,9,0.13793103448275862,0.75
whale_volume,expanding_top1_primary,60,0,0,18950,962,507,0.05076517150395778,0.527027027027027
whale_volume,expanding_top1_primary,60,0,1,5157,2288,1633,0.4436687996897421,0.7137237762237763
whale_volume,expanding_top1_primary,60,1,0,35,2,2,0.05714285714285714,1.0
whale_volume,expanding_top1_primary,60,1,1,309,58,52,0.18770226537216828,0.896551724137931
whale_volume,expanding_top1_primary,61,0,0,22560,1293,569,0.057313829787234045,0.440061871616396
whale_volume,expanding_top1_primary,61,0,1,4258,1820,1172,0.42743071864725224,0.643956043956044
whale_volume,expanding_top1_primary,61,1,0,32,2,2,0.0625,1.0
whale_volume,expanding_top1_primary,61,1,1,214,46,41,0.21495327102803738,0.8913043478260869
whale_volume,expanding_top1_primary,62,0,0,7012,375,179,0.05347974900171135,0.47733333333333333
whale_volume,expanding_top1_primary,62,0,1,1509,439,346,0.29092113982770046,0.7881548974943052
whale_volume,expanding_top1_primary,62,1,0,5,0,0,0.0,
whale_volume,expanding_top1_primary,62,1,1,65,5,5,0.07692307692307693,1.0
whale_volume,expanding_top1_primary,63,0,0,12356,735,494,0.05948527031401748,0.672108843537415
whale_volume,expanding_top1_primary,63,0,1,2837,1085,706,0.3824462460345435,0.6506912442396313
whale_volume,expanding_top1_primary,63,1,0,27,1,1,0.037037037037037035,1.0
whale_volume,expanding_top1_primary,63,1,1,115,13,9,0.11304347826086956,0.6923076923076923
whale_volume,expanding_top1_primary,64,0,0,16229,680,343,0.04190030192864625,0.5044117647058823
whale_volume,expanding_top1_primary,64,0,1,3076,1206,864,0.3920676202860858,0.7164179104477612
whale_volume,expanding_top1_primary,64,1,0,27,1,1,0.037037037037037035,1.0
whale_volume,expanding_top1_primary,64,1,1,176,24,21,0.13636363636363635,0.875
whale_volume,expanding_top1_primary,65,0,0,11130,418,249,0.03755615453728661,0.5956937799043063
whale_volume,expanding_top1_primary,65,0,1,2032,686,444,0.3375984251968504,0.6472303206997084
whale_volume,expanding_top1_primary,65,1,0,8,0,0,0.0,
whale_volume,expanding_top1_primary,65,1,1,113,12,8,0.10619469026548672,0.6666666666666666
whale_volume,expanding_top1_primary,66,0,0,7256,445,258,0.06132855567805954,0.5797752808988764
whale_volume,expanding_top1_primary,66,0,1,1454,388,300,0.2668500687757909,0.7731958762886598
whale_volume,expanding_top1_primary,66,1,0,10,2,2,0.2,1.0
whale_volume,expanding_top1_primary,66,1,1,52,6,6,0.11538461538461539,1.0
whale_volume,expanding_top1_primary,67,0,0,13486,547,285,0.0405605813436156,0.5210237659963437
whale_volume,expanding_top1_primary,67,0,1,2847,1124,851,0.394801545486477,0.7571174377224199
whale_volume,expanding_top1_primary,67,1,0,13,0,0,0.0,
whale_volume,expanding_top1_primary,67,1,1,136,25,20,0.18382352941176472,0.8
whale_volume,expanding_top1_primary,68,0,0,9307,754,162,0.08101429031911464,0.21485411140583555
whale_volume,expanding_top1_primary,68,0,1,2140,722,578,0.33738317757009345,0.8005540166204986
whale_volume,expanding_top1_primary,68,1,0,6,0,0,0.0,
whale_volume,expanding_top1_primary,68,1,1,100,10,10,0.1,1.0
whale_volume,expanding_top1_primary,69,0,0,17458,814,431,0.046626188566846145,0.5294840294840295
whale_volume,expanding_top1_primary,69,0,1,3629,1476,1038,0.4067236153210251,0.7032520325203252
whale_volume,expanding_top1_primary,69,1,0,38,0,0,0.0,
whale_volume,expanding_top1_primary,69,1,1,185,24,16,0.12972972972972974,0.6666666666666666
whale_volume,expanding_top1_primary,70,0,0,8499,325,179,0.038239792916813745,0.5507692307692308
whale_volume,expanding_top1_primary,70,0,1,1945,797,600,0.40976863753213366,0.7528230865746549
whale_volume,expanding_top1_primary,70,1,0,8,0,0,0.0,
whale_volume,expanding_top1_primary,70,1,1,64,9,8,0.140625,0.8888888888888888
whale_volume,expanding_top1_primary,71,0,0,9931,420,236,0.042291813513241364,0.5619047619047619
whale_volume,expanding_top1_primary,71,0,1,1997,540,378,0.2704056084126189,0.7
whale_volume,expanding_top1_primary,71,1,0,8,0,0,0.0,
whale_volume,expanding_top1_primary,71,1,1,73,12,11,0.1643835616438356,0.9166666666666666
whale_volume,expanding_top1_primary,72,0,0,10619,1468,160,0.13824277238911387,0.10899182561307902
whale_volume,expanding_top1_primary,72,0,1,2354,729,568,0.3096856414613424,0.7791495198902606
whale_volume,expanding_top1_primary,72,1,0,5,0,0,0.0,
whale_volume,expanding_top1_primary,72,1,1,102,10,7,0.09803921568627451,0.7
whale_volume,expanding_top1_primary,73,0,0,16188,764,421,0.04719545342228811,0.5510471204188482
whale_volume,expanding_top1_primary,73,0,1,3106,1456,995,0.4687701223438506,0.6833791208791209
whale_volume,expanding_top1_primary,73,1,0,15,2,2,0.13333333333333333,1.0
whale_volume,expanding_top1_primary,73,1,1,133,13,11,0.09774436090225563,0.8461538461538461
whale_volume,expanding_top1_primary,74,0,0,27803,1055,491,0.03794554544473618,0.4654028436018957
whale_volume,expanding_top1_primary,74,0,1,5562,2979,1777,0.5355987055016181,0.5965088956025512
whale_volume,expanding_top1_primary,74,1,0,48,5,4,0.10416666666666667,0.8
whale_volume,expanding_top1_primary,74,1,1,211,20,14,0.0947867298578199,0.7
whale_volume,expanding_top1_primary,75,0,0,15773,710,374,0.04501363088822671,0.5267605633802817
whale_volume,expanding_top1_primary,75,0,1,2832,1232,898,0.4350282485875706,0.7288961038961039
whale_volume,expanding_top1_primary,75,1,0,30,3,3,0.1,1.0
whale_volume,expanding_top1_primary,75,1,1,138,18,14,0.13043478260869565,0.7777777777777778
whale_volume,expanding_top1_primary,76,0,0,17373,752,462,0.04328555804984746,0.6143617021276596
whale_volume,expanding_top1_primary,76,0,1,3035,1325,835,0.43657331136738053,0.630188679245283
whale_volume,expanding_top1_primary,76,1,0,26,5,1,0.19230769230769232,0.2
whale_volume,expanding_top1_primary,76,1,1,115,11,6,0.09565217391304348,0.5454545454545454
whale_volume,expanding_top1_primary,77,0,0,18305,793,445,0.043321496858781755,0.5611601513240857
whale_volume,expanding_top1_primary,77,0,1,3532,1721,1047,0.4872593431483579,0.6083672283556072
whale_volume,expanding_top1_primary,77,1,0,25,3,3,0.12,1.0
whale_volume,expanding_top1_primary,77,1,1,159,22,18,0.13836477987421383,0.8181818181818182
whale_volume,expanding_top1_primary,78,0,0,17970,869,394,0.04835837506956038,0.4533947065592635
whale_volume,expanding_top1_primary,78,0,1,3473,1476,1147,0.4249928016124388,0.7771002710027101
whale_volume,expanding_top1_primary,78,1,0,18,0,0,0.0,
whale_volume,expanding_top1_primary,78,1,1,140,19,13,0.1357142857142857,0.6842105263157895
whale_volume,expanding_top1_primary,79,0,0,15550,568,341,0.03652733118971061,0.6003521126760564
whale_volume,expanding_top1_primary,79,0,1,2773,1181,818,0.42589253516047604,0.6926333615580017
whale_volume,expanding_top1_primary,79,1,0,30,9,9,0.3,1.0
whale_volume,expanding_top1_primary,79,1,1,107,9,4,0.08411214953271028,0.4444444444444444
whale_volume,expanding_top1_primary,80,0,0,14943,927,239,0.06203573579602489,0.25782092772384035
whale_volume,expanding_top1_primary,80,0,1,2754,1268,877,0.46042120551924476,0.6916403785488959
whale_volume,expanding_top1_primary,80,1,0,22,1,1,0.045454545454545456,1.0
whale_volume,expanding_top1_primary,80,1,1,83,12,10,0.14457831325301204,0.8333333333333334
whale_volume,expanding_top1_primary,81,0,0,17020,886,600,0.05205640423031727,0.6772009029345373
whale_volume,expanding_top1_primary,81,0,1,3197,1572,1074,0.49171097904285266,0.683206106870229
whale_volume,expanding_top1_primary,81,1,0,37,11,10,0.2972972972972973,0.9090909090909091
whale_volume,expanding_top1_primary,81,1,1,90,14,11,0.15555555555555556,0.7857142857142857
whale_volume,expanding_top1_primary,82,0,0,14401,464,195,0.03221998472328311,0.4202586206896552
whale_volume,expanding_top1_primary,82,0,1,2736,1099,807,0.4016812865497076,0.7343039126478617
whale_volume,expanding_top1_primary,82,1,0,22,0,0,0.0,
whale_volume,expanding_top1_primary,82,1,1,100,16,12,0.16,0.75
whale_volume,expanding_top1_primary,83,0,0,15756,755,227,0.047918253363797916,0.30066225165562915
whale_volume,expanding_top1_primary,83,0,1,3050,1369,1044,0.4488524590163934,0.7626004382761139
whale_volume,expanding_top1_primary,83,1,0,20,0,0,0.0,
whale_volume,expanding_top1_primary,83,1,1,124,15,13,0.12096774193548387,0.8666666666666667
whale_volume,expanding_top1_primary,84,0,0,20997,1873,304,0.0892032195075487,0.1623064602242392
whale_volume,expanding_top1_primary,84,0,1,3519,1522,1090,0.4325092355782893,0.7161629434954008
whale_volume,expanding_top1_primary,84,1,0,26,5,5,0.19230769230769232,1.0
whale_volume,expanding_top1_primary,84,1,1,155,23,17,0.14838709677419354,0.7391304347826086
whale_volume,expanding_top1_primary,85,0,0,13131,451,261,0.03434620364024065,0.5787139689578714
whale_volume,expanding_top1_primary,85,0,1,2565,1101,805,0.42923976608187137,0.7311534968210718
whale_volume,expanding_top1_primary,85,1,0,16,3,1,0.1875,0.3333333333333333
whale_volume,expanding_top1_primary,85,1,1,114,9,8,0.07894736842105263,0.8888888888888888
whale_volume,expanding_top1_primary,86,0,0,15583,807,343,0.05178720400436373,0.4250309789343247
whale_volume,expanding_top1_primary,86,0,1,2988,1321,904,0.4421017402945114,0.6843300529901589
whale_volume,expanding_top1_primary,86,1,0,23,0,0,0.0,
whale_volume,expanding_top1_primary,86,1,1,110,14,10,0.12727272727272726,0.7142857142857143
whale_volume,expanding_top1_primary,87,0,0,30534,5975,479,0.19568350036025414,0.0801673640167364
whale_volume,expanding_top1_primary,87,0,1,5741,2376,1714,0.4138651802821808,0.7213804713804713
whale_volume,expanding_top1_primary,87,1,0,60,6,6,0.1,1.0
whale_volume,expanding_top1_primary,87,1,1,167,21,17,0.12574850299401197,0.8095238095238095
whale_volume,expanding_top1_primary,88,0,0,13268,389,174,0.0293186614410612,0.4473007712082262
whale_volume,expanding_top1_primary,88,0,1,2429,911,656,0.3750514615067929,0.7200878155872668
whale_volume,expanding_top1_primary,88,1,0,18,0,0,0.0,
whale_volume,expanding_top1_primary,88,1,1,83,13,7,0.1566265060240964,0.5384615384615384
whale_volume,expanding_top1_primary,89,0,0,19891,942,493,0.04735810165401438,0.5233545647558386
whale_volume,expanding_top1_primary,89,0,1,3739,1364,953,0.364803423375234,0.6986803519061584
whale_volume,expanding_top1_primary,89,1,0,34,3,2,0.08823529411764706,0.6666666666666666
whale_volume,expanding_top1_primary,89,1,1,183,18,17,0.09836065573770492,0.9444444444444444
whale_volume,expanding_top1_primary,90,0,0,16091,1982,267,0.12317444534211672,0.13471241170534815
whale_volume,expanding_top1_primary,90,0,1,2841,1127,857,0.3966913058782119,0.7604259094942325
whale_volume,expanding_top1_primary,90,1,0,19,0,0,0.0,
whale_volume,expanding_top1_primary,90,1,1,113,11,9,0.09734513274336283,0.8181818181818182
whale_volume,expanding_top1_primary,91,0,0,25810,2230,453,0.08640061991476172,0.2031390134529148
whale_volume,expanding_top1_primary,91,0,1,4648,2137,1529,0.4597676419965577,0.71548900327562
whale_volume,expanding_top1_primary,91,1,0,37,1,0,0.02702702702702703,0.0
whale_volume,expanding_top1_primary,91,1,1,149,24,20,0.1610738255033557,0.8333333333333334
whale_volume,expanding_top1_primary,92,0,0,23667,1127,656,0.047619047619047616,0.5820763087843833
whale_volume,expanding_top1_primary,92,0,1,4806,2324,1794,0.48356221389929255,0.7719449225473322
whale_volume,expanding_top1_primary,92,1,0,32,3,2,0.09375,0.6666666666666666
whale_volume,expanding_top1_primary,92,1,1,205,42,30,0.2048780487804878,0.7142857142857143
whale_volume,expanding_top1_primary,93,0,0,24157,1083,404,0.044831725793765785,0.37303785780240073
whale_volume,expanding_top1_primary,93,0,1,4406,2160,1521,0.4902405810258738,0.7041666666666667
whale_volume,expanding_top1_primary,93,1,0,49,4,3,0.08163265306122448,0.75
whale_volume,expanding_top1_primary,93,1,1,175,30,24,0.17142857142857143,0.8
whale_volume,expanding_top1_primary,94,0,0,20285,1165,569,0.057431599704214936,0.488412017167382
whale_volume,expanding_top1_primary,94,0,1,4078,1641,1183,0.40240313879352624,0.720901889092017
whale_volume,expanding_top1_primary,94,1,0,29,1,1,0.034482758620689655,1.0
whale_volume,expanding_top1_primary,94,1,1,192,23,15,0.11979166666666667,0.6521739130434783
whale_volume,expanding_top1_primary,95,0,0,21064,1998,436,0.09485377895936195,0.2182182182182182
whale_volume,expanding_top1_primary,95,0,1,3972,1632,1244,0.4108761329305136,0.7622549019607843
whale_volume,expanding_top1_primary,95,1,0,47,1,1,0.02127659574468085,1.0
whale_volume,expanding_top1_primary,95,1,1,158,17,14,0.10759493670886076,0.8235294117647058
whale_volume,expanding_top1_primary,96,0,0,17979,987,543,0.05489738027698982,0.5501519756838906
whale_volume,expanding_top1_primary,96,0,1,3206,1380,1003,0.430442919525889,0.7268115942028985
whale_volume,expanding_top1_primary,96,1,0,53,4,4,0.07547169811320754,1.0
whale_volume,expanding_top1_primary,96,1,1,150,20,16,0.13333333333333333,0.8
whale_volume,expanding_top1_primary,97,0,0,31329,1882,519,0.06007213763605605,0.27577045696068014
whale_volume,expanding_top1_primary,97,0,1,6100,2814,2079,0.4613114754098361,0.7388059701492538
whale_volume,expanding_top1_primary,97,1,0,78,7,4,0.08974358974358974,0.5714285714285714
whale_volume,expanding_top1_primary,97,1,1,218,29,26,0.13302752293577982,0.896551724137931
whale_volume,expanding_top1_primary,98,0,0,26815,2537,587,0.0946112250606004,0.23137564052029957
whale_volume,expanding_top1_primary,98,0,1,5626,2577,2010,0.4580519018841095,0.779976717112922
whale_volume,expanding_top1_primary,98,1,0,41,2,2,0.04878048780487805,1.0
whale_volume,expanding_top1_primary,98,1,1,235,33,31,0.14042553191489363,0.9393939393939394
whale_volume,expanding_top1_primary,99,0,0,37239,3482,786,0.0935041220226107,0.2257323377369328
whale_volume,expanding_top1_primary,99,0,1,7271,3130,2394,0.4304772383441067,0.7648562300319489
whale_volume,expanding_top1_primary,99,1,0,63,7,7,0.1111111111111111,1.0
whale_volume,expanding_top1_primary,99,1,1,262,44,36,0.16793893129770993,0.8181818181818182
whale_volume,expanding_top1_primary,100,0,0,25783,3026,659,0.11736415467556141,0.2177792465300727
whale_volume,expanding_top1_primary,100,0,1,4669,1835,1436,0.3930177768258728,0.7825613079019074
whale_volume,expanding_top1_primary,100,1,0,60,3,2,0.05,0.6666666666666666
whale_volume,expanding_top1_primary,100,1,1,236,28,20,0.11864406779661017,0.7142857142857143
whale_volume,expanding_top1_primary,101,0,0,26822,1863,620,0.06945790768771903,0.33279656468062263
whale_volume,expanding_top1_primary,101,0,1,6482,2809,2192,0.4333539031163221,0.7803488786044855
whale_volume,expanding_top1_primary,101,1,0,54,5,3,0.09259259259259259,0.6
whale_volume,expanding_top1_primary,101,1,1,252,50,44,0.1984126984126984,0.88
whale_volume,expanding_top1_primary,102,0,0,22985,1387,491,0.06034370241461823,0.35400144196106703
whale_volume,expanding_top1_primary,102,0,1,5512,2248,1746,0.40783744557329465,0.7766903914590747
whale_volume,expanding_top1_primary,102,1,0,48,12,11,0.25,0.9166666666666666
whale_volume,expanding_top1_primary,102,1,1,146,16,14,0.1095890410958904,0.875
whale_volume,expanding_top1_primary,103,0,0,11767,853,320,0.07249086428146512,0.37514654161781946
whale_volume,expanding_top1_primary,103,0,1,4632,1561,1367,0.3370034542314335,0.8757206918641897
whale_volume,expanding_top1_primary,103,1,0,20,0,0,0.0,
whale_volume,expanding_top1_primary,103,1,1,123,11,10,0.08943089430894309,0.9090909090909091
whale_volume,expanding_top1_primary,104,0,0,17662,1231,620,0.0696976559845997,0.503655564581641
whale_volume,expanding_top1_primary,104,0,1,6299,2552,2282,0.40514367359898396,0.8942006269592476
whale_volume,expanding_top1_primary,104,1,0,58,4,4,0.06896551724137931,1.0
whale_volume,expanding_top1_primary,104,1,1,173,30,28,0.17341040462427745,0.9333333333333333
whale_volume,rolling7_top1,12,0,0,4422,202,116,0.04568068747173225,0.5742574257425742
whale_volume,rolling7_top1,12,0,1,570,302,173,0.5298245614035088,0.5728476821192053
whale_volume,rolling7_top1,12,1,0,20,1,1,0.05,1.0
whale_volume,rolling7_top1,12,1,1,54,8,8,0.14814814814814814,1.0
whale_volume,rolling7_top1,13,0,0,9908,545,275,0.05500605571255551,0.5045871559633027
whale_volume,rolling7_top1,13,0,1,2625,1409,980,0.5367619047619048,0.6955287437899219
whale_volume,rolling7_top1,13,1,0,77,10,9,0.12987012987012986,0.9
whale_volume,rolling7_top1,13,1,1,117,28,20,0.23931623931623933,0.7142857142857143
whale_volume,rolling7_top1,14,0,0,14840,653,375,0.044002695417789756,0.5742725880551302
whale_volume,rolling7_top1,14,0,1,2466,1422,978,0.5766423357664233,0.6877637130801688
whale_volume,rolling7_top1,14,1,0,35,2,2,0.05714285714285714,1.0
whale_volume,rolling7_top1,14,1,1,110,28,23,0.2545454545454545,0.8214285714285714
whale_volume,rolling7_top1,15,0,0,12132,542,318,0.04467523903725684,0.5867158671586716
whale_volume,rolling7_top1,15,0,1,2073,1108,781,0.5344910757356488,0.7048736462093863
whale_volume,rolling7_top1,15,1,0,38,1,1,0.02631578947368421,1.0
whale_volume,rolling7_top1,15,1,1,83,16,13,0.1927710843373494,0.8125
whale_volume,rolling7_top1,16,0,0,12792,641,350,0.05010944340212633,0.5460218408736349
whale_volume,rolling7_top1,16,0,1,2500,1333,928,0.5332,0.6961740435108777
whale_volume,rolling7_top1,16,1,0,30,0,0,0.0,
whale_volume,rolling7_top1,16,1,1,81,17,15,0.20987654320987653,0.8823529411764706
whale_volume,rolling7_top1,17,0,0,24633,1159,505,0.0470507043397069,0.4357204486626402
whale_volume,rolling7_top1,17,0,1,3780,2181,1397,0.5769841269841269,0.6405318661164603
whale_volume,rolling7_top1,17,1,0,86,9,7,0.10465116279069768,0.7777777777777778
whale_volume,rolling7_top1,17,1,1,134,23,20,0.17164179104477612,0.8695652173913043
whale_volume,rolling7_top1,18,0,0,12591,481,269,0.03820189023905964,0.5592515592515592
whale_volume,rolling7_top1,18,0,1,1924,933,746,0.48492723492723494,0.7995712754555199
whale_volume,rolling7_top1,18,1,0,30,0,0,0.0,
whale_volume,rolling7_top1,18,1,1,52,5,3,0.09615384615384616,0.6
whale_volume,rolling7_top1,19,0,0,18529,801,381,0.04322953208483998,0.4756554307116105
whale_volume,rolling7_top1,19,0,1,3376,1884,1260,0.5580568720379147,0.6687898089171974
whale_volume,rolling7_top1,19,1,0,42,1,1,0.023809523809523808,1.0
whale_volume,rolling7_top1,19,1,1,90,21,13,0.23333333333333334,0.6190476190476191
whale_volume,rolling7_top1,20,0,0,9181,323,153,0.03518135279381331,0.47368421052631576
whale_volume,rolling7_top1,20,0,1,1601,626,422,0.3910056214865709,0.6741214057507987
whale_volume,rolling7_top1,20,1,0,22,0,0,0.0,
whale_volume,rolling7_top1,20,1,1,55,3,1,0.05454545454545454,0.3333333333333333
whale_volume,rolling7_top1,21,0,0,19768,1010,413,0.051092675030352086,0.4089108910891089
whale_volume,rolling7_top1,21,0,1,2599,1343,849,0.51673720661793,0.6321667907669397
whale_volume,rolling7_top1,21,1,0,83,4,3,0.04819277108433735,0.75
whale_volume,rolling7_top1,21,1,1,122,20,8,0.16393442622950818,0.4
whale_volume,rolling7_top1,22,0,0,21314,1018,541,0.04776203434362391,0.5314341846758349
whale_volume,rolling7_top1,22,0,1,2898,1514,1090,0.5224292615596964,0.7199471598414795
whale_volume,rolling7_top1,22,1,0,53,4,2,0.07547169811320754,0.5
whale_volume,rolling7_top1,22,1,1,93,10,6,0.10752688172043011,0.6
whale_volume,rolling7_top1,23,0,0,12425,543,256,0.04370221327967807,0.4714548802946593
whale_volume,rolling7_top1,23,0,1,2088,1041,748,0.4985632183908046,0.7185398655139289
whale_volume,rolling7_top1,23,1,0,31,2,1,0.06451612903225806,0.5
whale_volume,rolling7_top1,23,1,1,77,10,7,0.12987012987012986,0.7
whale_volume,rolling7_top1,24,0,0,11826,504,235,0.0426179604261796,0.4662698412698413
whale_volume,rolling7_top1,24,0,1,1673,583,433,0.3484757919904363,0.7427101200686106
whale_volume,rolling7_top1,24,1,0,11,0,0,0.0,
whale_volume,rolling7_top1,24,1,1,89,21,19,0.23595505617977527,0.9047619047619048
whale_volume,rolling7_top1,25,0,0,17556,938,483,0.05342902711323764,0.5149253731343284
whale_volume,rolling7_top1,25,0,1,2495,1251,835,0.5014028056112224,0.6674660271782574
whale_volume,rolling7_top1,25,1,0,68,18,18,0.2647058823529412,1.0
whale_volume,rolling7_top1,25,1,1,112,22,14,0.19642857142857142,0.6363636363636364
whale_volume,rolling7_top1,26,0,0,13328,465,235,0.03488895558223289,0.5053763440860215
whale_volume,rolling7_top1,26,0,1,1980,1071,827,0.5409090909090909,0.7721755368814193
whale_volume,rolling7_top1,26,1,0,24,2,2,0.08333333333333333,1.0
whale_volume,rolling7_top1,26,1,1,67,9,6,0.13432835820895522,0.6666666666666666
whale_volume,rolling7_top1,27,0,0,13062,643,342,0.049226764660848264,0.5318818040435459
whale_volume,rolling7_top1,27,0,1,2323,1132,906,0.48730090400344384,0.8003533568904594
whale_volume,rolling7_top1,27,1,0,16,3,3,0.1875,1.0
whale_volume,rolling7_top1,27,1,1,78,11,9,0.14102564102564102,0.8181818181818182
whale_volume,rolling7_top1,28,0,0,19932,923,451,0.04630744531406783,0.4886240520043337
whale_volume,rolling7_top1,28,0,1,3368,1662,1209,0.49346793349168644,0.7274368231046932
whale_volume,rolling7_top1,28,1,0,37,3,3,0.08108108108108109,1.0
whale_volume,rolling7_top1,28,1,1,167,32,29,0.19161676646706588,0.90625
whale_volume,rolling7_top1,29,0,0,21138,1219,587,0.05766865360961302,0.4815422477440525
whale_volume,rolling7_top1,29,0,1,3842,1949,1323,0.5072878709005726,0.6788096459722934
whale_volume,rolling7_top1,29,1,0,57,8,5,0.14035087719298245,0.625
whale_volume,rolling7_top1,29,1,1,203,17,14,0.08374384236453201,0.8235294117647058
whale_volume,rolling7_top1,30,0,0,17318,591,324,0.034126342533779885,0.5482233502538071
whale_volume,rolling7_top1,30,0,1,2549,1187,943,0.4656728128677913,0.7944397641112048
whale_volume,rolling7_top1,30,1,0,31,1,1,0.03225806451612903,1.0
whale_volume,rolling7_top1,30,1,1,90,8,8,0.08888888888888889,1.0
whale_volume,rolling7_top1,31,0,0,11877,524,286,0.044118885240380566,0.5458015267175572
whale_volume,rolling7_top1,31,0,1,2499,887,696,0.35494197679071626,0.7846674182638106
whale_volume,rolling7_top1,31,1,0,21,0,0,0.0,
whale_volume,rolling7_top1,31,1,1,108,21,17,0.19444444444444445,0.8095238095238095
whale_volume,rolling7_top1,32,0,0,14027,575,290,0.04099237185428103,0.5043478260869565
whale_volume,rolling7_top1,32,0,1,2082,826,562,0.3967339097022094,0.6803874092009685
whale_volume,rolling7_top1,32,1,0,27,5,4,0.18518518518518517,0.8
whale_volume,rolling7_top1,32,1,1,108,18,18,0.16666666666666666,1.0
whale_volume,rolling7_top1,33,0,0,17878,783,346,0.04379684528470746,0.44189016602809705
whale_volume,rolling7_top1,33,0,1,2768,1369,904,0.4945809248554913,0.660336011687363
whale_volume,rolling7_top1,33,1,0,17,2,2,0.11764705882352941,1.0
whale_volume,rolling7_top1,33,1,1,111,18,13,0.16216216216216217,0.7222222222222222
whale_volume,rolling7_top1,34,0,0,23098,994,578,0.043034028920252834,0.5814889336016097
whale_volume,rolling7_top1,34,0,1,3368,1527,1029,0.45338479809976245,0.6738703339882122
whale_volume,rolling7_top1,34,1,0,54,6,6,0.1111111111111111,1.0
whale_volume,rolling7_top1,34,1,1,239,71,65,0.29707112970711297,0.9154929577464789
whale_volume,rolling7_top1,35,0,0,11265,515,286,0.04571682201509099,0.5553398058252427
whale_volume,rolling7_top1,35,0,1,2248,732,566,0.32562277580071175,0.773224043715847
whale_volume,rolling7_top1,35,1,0,17,1,0,0.058823529411764705,0.0
whale_volume,rolling7_top1,35,1,1,121,29,20,0.2396694214876033,0.6896551724137931
whale_volume,rolling7_top1,36,0,0,18212,836,393,0.04590379969251043,0.4700956937799043
whale_volume,rolling7_top1,36,0,1,2900,1275,892,0.4396551724137931,0.6996078431372549
whale_volume,rolling7_top1,36,1,0,54,5,5,0.09259259259259259,1.0
whale_volume,rolling7_top1,36,1,1,147,31,26,0.2108843537414966,0.8387096774193549
whale_volume,rolling7_top1,37,0,0,14366,970,297,0.06752053459557288,0.3061855670103093
whale_volume,rolling7_top1,37,0,1,2811,1176,872,0.4183564567769477,0.7414965986394558
whale_volume,rolling7_top1,37,1,0,29,0,0,0.0,
whale_volume,rolling7_top1,37,1,1,100,13,10,0.13,0.7692307692307693
whale_volume,rolling7_top1,38,0,0,16959,654,313,0.03856359455156554,0.4785932721712538
whale_volume,rolling7_top1,38,0,1,2489,1088,822,0.4371233427079148,0.7555147058823529
whale_volume,rolling7_top1,38,1,0,32,2,2,0.0625,1.0
whale_volume,rolling7_top1,38,1,1,73,6,5,0.0821917808219178,0.8333333333333334
whale_volume,rolling7_top1,39,0,0,14367,409,205,0.028468016983364656,0.5012224938875306
whale_volume,rolling7_top1,39,0,1,2291,1002,733,0.43736359668267133,0.7315369261477046
whale_volume,rolling7_top1,39,1,0,16,0,0,0.0,
whale_volume,rolling7_top1,39,1,1,74,17,15,0.22972972972972974,0.8823529411764706
whale_volume,rolling7_top1,40,0,0,12664,457,239,0.036086544535691725,0.5229759299781181
whale_volume,rolling7_top1,40,0,1,1912,706,525,0.3692468619246862,0.7436260623229461
whale_volume,rolling7_top1,40,1,0,27,0,0,0.0,
whale_volume,rolling7_top1,40,1,1,85,10,7,0.11764705882352941,0.7
whale_volume,rolling7_top1,41,0,0,27063,1007,518,0.037209474189853306,0.5143992055610725
whale_volume,rolling7_top1,41,0,1,4751,2225,1533,0.46832245842980424,0.6889887640449438
whale_volume,rolling7_top1,41,1,0,43,2,2,0.046511627906976744,1.0
whale_volume,rolling7_top1,41,1,1,235,36,33,0.15319148936170213,0.9166666666666666
whale_volume,rolling7_top1,42,0,0,12978,1337,334,0.10302049622437973,0.24981301421091998
whale_volume,rolling7_top1,42,0,1,2498,877,617,0.3510808646917534,0.7035347776510832
whale_volume,rolling7_top1,42,1,0,22,1,1,0.045454545454545456,1.0
whale_volume,rolling7_top1,42,1,1,116,11,10,0.09482758620689655,0.9090909090909091
whale_volume,rolling7_top1,43,0,0,19177,702,390,0.036606351358398084,0.5555555555555556
whale_volume,rolling7_top1,43,0,1,3244,1443,1037,0.44482120838471023,0.7186417186417187
whale_volume,rolling7_top1,43,1,0,19,2,1,0.10526315789473684,0.5
whale_volume,rolling7_top1,43,1,1,128,22,20,0.171875,0.9090909090909091
whale_volume,rolling7_top1,44,0,0,11506,470,237,0.04084825308534677,0.5042553191489362
whale_volume,rolling7_top1,44,0,1,1986,688,417,0.3464249748237664,0.6061046511627907
whale_volume,rolling7_top1,44,1,0,24,1,1,0.041666666666666664,1.0
whale_volume,rolling7_top1,44,1,1,98,7,6,0.07142857142857142,0.8571428571428571
whale_volume,rolling7_top1,45,0,0,15151,784,341,0.0517457593558181,0.43494897959183676
whale_volume,rolling7_top1,45,0,1,2887,1327,905,0.45964669206789055,0.6819894498869631
whale_volume,rolling7_top1,45,1,0,22,1,1,0.045454545454545456,1.0
whale_volume,rolling7_top1,45,1,1,121,14,12,0.11570247933884298,0.8571428571428571
whale_volume,rolling7_top1,46,0,0,15207,1088,241,0.07154599855329782,0.22150735294117646
whale_volume,rolling7_top1,46,0,1,2648,1081,881,0.40823262839879154,0.8149861239592969
whale_volume,rolling7_top1,46,1,0,26,0,0,0.0,
whale_volume,rolling7_top1,46,1,1,115,12,7,0.10434782608695652,0.5833333333333334
whale_volume,rolling7_top1,47,0,0,14142,436,202,0.030830151322302362,0.463302752293578
whale_volume,rolling7_top1,47,0,1,2338,935,710,0.3999144568006843,0.7593582887700535
whale_volume,rolling7_top1,47,1,0,42,7,7,0.16666666666666666,1.0
whale_volume,rolling7_top1,47,1,1,102,16,12,0.1568627450980392,0.75
whale_volume,rolling7_top1,48,0,0,13995,470,206,0.03358342265094676,0.43829787234042555
whale_volume,rolling7_top1,48,0,1,1893,700,486,0.369783412572636,0.6942857142857143
whale_volume,rolling7_top1,48,1,0,15,0,0,0.0,
whale_volume,rolling7_top1,48,1,1,61,6,3,0.09836065573770492,0.5
whale_volume,rolling7_top1,49,0,0,16856,760,430,0.045087802562885616,0.5657894736842105
whale_volume,rolling7_top1,49,0,1,2703,1297,796,0.47983721790603034,0.6137239784117193
whale_volume,rolling7_top1,49,1,0,41,5,2,0.12195121951219512,0.4
whale_volume,rolling7_top1,49,1,1,89,9,5,0.10112359550561797,0.5555555555555556
whale_volume,rolling7_top1,50,0,0,10252,419,237,0.04087007413187671,0.5656324582338902
whale_volume,rolling7_top1,50,0,1,1723,651,501,0.3778293673824724,0.7695852534562212
whale_volume,rolling7_top1,50,1,0,11,2,2,0.18181818181818182,1.0
whale_volume,rolling7_top1,50,1,1,49,5,3,0.10204081632653061,0.6
whale_volume,rolling7_top1,51,0,0,9390,367,179,0.039084132055378064,0.4877384196185286
whale_volume,rolling7_top1,51,0,1,1673,494,385,0.2952779438135087,0.7793522267206477
whale_volume,rolling7_top1,51,1,0,12,0,0,0.0,
whale_volume,rolling7_top1,51,1,1,84,9,7,0.10714285714285714,0.7777777777777778
whale_volume,rolling7_top1,52,0,0,12648,337,180,0.026644528779253638,0.5341246290801187
whale_volume,rolling7_top1,52,0,1,2260,921,736,0.4075221238938053,0.7991313789359392
whale_volume,rolling7_top1,52,1,0,21,0,0,0.0,
whale_volume,rolling7_top1,52,1,1,88,12,11,0.13636363636363635,0.9166666666666666
whale_volume,rolling7_top1,53,0,0,13054,567,370,0.043434962463612684,0.6525573192239859
whale_volume,rolling7_top1,53,0,1,2385,1016,699,0.4259958071278826,0.687992125984252
whale_volume,rolling7_top1,53,1,0,25,3,3,0.12,1.0
whale_volume,rolling7_top1,53,1,1,116,21,17,0.1810344827586207,0.8095238095238095
whale_volume,rolling7_top1,54,0,0,14743,568,255,0.038526758461642815,0.448943661971831
whale_volume,rolling7_top1,54,0,1,3090,1458,1110,0.47184466019417476,0.7613168724279835
whale_volume,rolling7_top1,54,1,0,31,4,4,0.12903225806451613,1.0
whale_volume,rolling7_top1,54,1,1,152,34,32,0.2236842105263158,0.9411764705882353
whale_volume,rolling7_top1,55,0,0,9254,1093,200,0.11811108709747137,0.18298261665141813
whale_volume,rolling7_top1,55,0,1,2097,644,493,0.307105388650453,0.765527950310559
whale_volume,rolling7_top1,55,1,0,10,0,0,0.0,
whale_volume,rolling7_top1,55,1,1,99,17,15,0.1717171717171717,0.8823529411764706
whale_volume,rolling7_top1,56,0,0,25839,1506,803,0.058283989318472076,0.5332005312084993
whale_volume,rolling7_top1,56,0,1,5439,2470,1680,0.45412759698473987,0.680161943319838
whale_volume,rolling7_top1,56,1,0,73,18,17,0.2465753424657534,0.9444444444444444
whale_volume,rolling7_top1,56,1,1,265,64,58,0.24150943396226415,0.90625
whale_volume,rolling7_top1,57,0,0,7790,504,171,0.06469833119383825,0.3392857142857143
whale_volume,rolling7_top1,57,0,1,1806,534,438,0.2956810631229236,0.8202247191011236
whale_volume,rolling7_top1,57,1,0,7,0,0,0.0,
whale_volume,rolling7_top1,57,1,1,90,12,11,0.13333333333333333,0.9166666666666666
whale_volume,rolling7_top1,58,0,0,19830,819,463,0.04130105900151286,0.5653235653235653
whale_volume,rolling7_top1,58,0,1,4079,1713,1201,0.4199558715371415,0.7011091652072388
whale_volume,rolling7_top1,58,1,0,60,13,13,0.21666666666666667,1.0
whale_volume,rolling7_top1,58,1,1,229,43,33,0.18777292576419213,0.7674418604651163
whale_volume,rolling7_top1,59,0,0,9651,324,148,0.0335716506061548,0.4567901234567901
whale_volume,rolling7_top1,59,0,1,2096,679,500,0.32395038167938933,0.7363770250368189
whale_volume,rolling7_top1,59,1,0,18,0,0,0.0,
whale_volume,rolling7_top1,59,1,1,79,12,9,0.1518987341772152,0.75
whale_volume,rolling7_top1,60,0,0,19137,977,520,0.05105293410670429,0.5322415557830092
whale_volume,rolling7_top1,60,0,1,4970,2273,1620,0.4573440643863179,0.7127144742630884
whale_volume,rolling7_top1,60,1,0,56,3,3,0.05357142857142857,1.0
whale_volume,rolling7_top1,60,1,1,288,57,51,0.19791666666666666,0.8947368421052632
whale_volume,rolling7_top1,61,0,0,22864,1313,586,0.05742652204338698,0.4463061690784463
whale_volume,rolling7_top1,61,0,1,3954,1800,1155,0.4552352048558422,0.6416666666666667
whale_volume,rolling7_top1,61,1,0,48,2,2,0.041666666666666664,1.0
whale_volume,rolling7_top1,61,1,1,198,46,41,0.23232323232323232,0.8913043478260869
whale_volume,rolling7_top1,62,0,0,7087,382,185,0.0539015098066883,0.48429319371727747
whale_volume,rolling7_top1,62,0,1,1434,432,340,0.301255230125523,0.7870370370370371
whale_volume,rolling7_top1,62,1,0,8,0,0,0.0,
whale_volume,rolling7_top1,62,1,1,62,5,5,0.08064516129032258,1.0
whale_volume,rolling7_top1,63,0,0,12567,759,505,0.06039627596084984,0.6653491436100132
whale_volume,rolling7_top1,63,0,1,2626,1061,695,0.40403655750190404,0.6550424128180962
whale_volume,rolling7_top1,63,1,0,40,4,4,0.1,1.0
whale_volume,rolling7_top1,63,1,1,102,10,6,0.09803921568627451,0.6
whale_volume,rolling7_top1,64,0,0,16495,707,365,0.042861473173689,0.5162659123055162
whale_volume,rolling7_top1,64,0,1,2810,1179,842,0.4195729537366548,0.714164546225615
whale_volume,rolling7_top1,64,1,0,34,2,2,0.058823529411764705,1.0
whale_volume,rolling7_top1,64,1,1,169,23,20,0.13609467455621302,0.8695652173913043
whale_volume,rolling7_top1,65,0,0,11329,442,265,0.039014917468443815,0.5995475113122172
whale_volume,rolling7_top1,65,0,1,1833,662,428,0.36115657392253137,0.6465256797583081
whale_volume,rolling7_top1,65,1,0,12,0,0,0.0,
whale_volume,rolling7_top1,65,1,1,109,12,8,0.11009174311926606,0.6666666666666666
whale_volume,rolling7_top1,66,0,0,7357,456,268,0.06198178605409814,0.5877192982456141
whale_volume,rolling7_top1,66,0,1,1353,377,290,0.278640059127864,0.7692307692307693
whale_volume,rolling7_top1,66,1,0,11,2,2,0.18181818181818182,1.0
whale_volume,rolling7_top1,66,1,1,51,6,6,0.11764705882352941,1.0
whale_volume,rolling7_top1,67,0,0,13665,561,296,0.041053787047200876,0.5276292335115864
whale_volume,rolling7_top1,67,0,1,2668,1110,840,0.4160419790104948,0.7567567567567568
whale_volume,rolling7_top1,67,1,0,21,0,0,0.0,
whale_volume,rolling7_top1,67,1,1,128,25,20,0.1953125,0.8
whale_volume,rolling7_top1,68,0,0,9426,770,173,0.08168894546997665,0.22467532467532467
whale_volume,rolling7_top1,68,0,1,2021,706,567,0.34933201385452745,0.8031161473087819
whale_volume,rolling7_top1,68,1,0,13,1,1,0.07692307692307693,1.0
whale_volume,rolling7_top1,68,1,1,93,9,9,0.0967741935483871,1.0
whale_volume,rolling7_top1,69,0,0,17666,832,445,0.04709611683459753,0.5348557692307693
whale_volume,rolling7_top1,69,0,1,3421,1458,1024,0.4261911721718796,0.7023319615912208
whale_volume,rolling7_top1,69,1,0,51,0,0,0.0,
whale_volume,rolling7_top1,69,1,1,172,24,16,0.13953488372093023,0.6666666666666666
whale_volume,rolling7_top1,70,0,0,8618,333,186,0.03864005569737758,0.5585585585585585
whale_volume,rolling7_top1,70,0,1,1826,789,593,0.432092004381161,0.7515842839036755
whale_volume,rolling7_top1,70,1,0,13,0,0,0.0,
whale_volume,rolling7_top1,70,1,1,59,9,8,0.15254237288135594,0.8888888888888888
whale_volume,rolling7_top1,71,0,0,10149,440,253,0.04335402502709627,0.575
whale_volume,rolling7_top1,71,0,1,1779,520,361,0.2922990444069702,0.6942307692307692
whale_volume,rolling7_top1,71,1,0,15,0,0,0.0,
whale_volume,rolling7_top1,71,1,1,66,12,11,0.18181818181818182,0.9166666666666666
whale_volume,rolling7_top1,72,0,0,10768,1488,170,0.13818722139673106,0.11424731182795698
whale_volume,rolling7_top1,72,0,1,2205,709,558,0.32154195011337866,0.7870239774330042
whale_volume,rolling7_top1,72,1,0,10,1,1,0.1,1.0
whale_volume,rolling7_top1,72,1,1,97,9,6,0.09278350515463918,0.6666666666666666
whale_volume,rolling7_top1,73,0,0,16499,789,442,0.047821080065458516,0.5602027883396705
whale_volume,rolling7_top1,73,0,1,2795,1431,974,0.5119856887298748,0.6806429070580013
whale_volume,rolling7_top1,73,1,0,22,2,2,0.09090909090909091,1.0
whale_volume,rolling7_top1,73,1,1,126,13,11,0.10317460317460317,0.8461538461538461
whale_volume,rolling7_top1,74,0,0,28631,1464,545,0.051133386888337816,0.3722677595628415
whale_volume,rolling7_top1,74,0,1,4734,2570,1723,0.5428812843261512,0.6704280155642023
whale_volume,rolling7_top1,74,1,0,66,8,6,0.12121212121212122,0.75
whale_volume,rolling7_top1,74,1,1,193,17,12,0.08808290155440414,0.7058823529411765
whale_volume,rolling7_top1,75,0,0,16066,749,406,0.04662019170919955,0.5420560747663551
whale_volume,rolling7_top1,75,0,1,2539,1193,866,0.4698700275699094,0.7259010896898574
whale_volume,rolling7_top1,75,1,0,40,3,3,0.075,1.0
whale_volume,rolling7_top1,75,1,1,128,18,14,0.140625,0.7777777777777778
whale_volume,rolling7_top1,76,0,0,17611,763,467,0.04332519448072228,0.6120576671035387
whale_volume,rolling7_top1,76,0,1,2797,1314,830,0.46978905970682877,0.6316590563165906
whale_volume,rolling7_top1,76,1,0,33,5,1,0.15151515151515152,0.2
whale_volume,rolling7_top1,76,1,1,108,11,6,0.10185185185185185,0.5454545454545454
whale_volume,rolling7_top1,77,0,0,18806,1019,471,0.054184834627246624,0.4622178606476938
whale_volume,rolling7_top1,77,0,1,3031,1495,1021,0.4932365555922138,0.682943143812709
whale_volume,rolling7_top1,77,1,0,38,3,3,0.07894736842105263,1.0
whale_volume,rolling7_top1,77,1,1,146,22,18,0.1506849315068493,0.8181818181818182
whale_volume,rolling7_top1,78,0,0,18284,910,409,0.04977029096477795,0.44945054945054946
whale_volume,rolling7_top1,78,0,1,3159,1435,1132,0.4542576764798987,0.7888501742160279
whale_volume,rolling7_top1,78,1,0,39,3,3,0.07692307692307693,1.0
whale_volume,rolling7_top1,78,1,1,119,16,10,0.13445378151260504,0.625
whale_volume,rolling7_top1,79,0,0,15820,588,353,0.03716814159292035,0.6003401360544217
whale_volume,rolling7_top1,79,0,1,2503,1161,806,0.4638433879344786,0.694229112833764
whale_volume,rolling7_top1,79,1,0,33,9,9,0.2727272727272727,1.0
whale_volume,rolling7_top1,79,1,1,104,9,4,0.08653846153846154,0.4444444444444444
whale_volume,rolling7_top1,80,0,0,15370,1052,333,0.06844502277163306,0.31653992395437264
whale_volume,rolling7_top1,80,0,1,2327,1143,783,0.4911903738719381,0.6850393700787402
whale_volume,rolling7_top1,80,1,0,25,3,2,0.12,0.6666666666666666
whale_volume,rolling7_top1,80,1,1,80,10,9,0.125,0.9
whale_volume,rolling7_top1,81,0,0,17432,950,649,0.05449747590637907,0.6831578947368421
whale_volume,rolling7_top1,81,0,1,2785,1508,1025,0.541472172351885,0.6797082228116711
whale_volume,rolling7_top1,81,1,0,42,11,9,0.2619047619047619,0.8181818181818182
whale_volume,rolling7_top1,81,1,1,85,14,12,0.16470588235294117,0.8571428571428571
whale_volume,rolling7_top1,82,0,0,14808,548,254,0.037007023230686116,0.4635036496350365
whale_volume,rolling7_top1,82,0,1,2329,1015,748,0.43580936024044653,0.7369458128078817
whale_volume,rolling7_top1,82,1,0,29,2,1,0.06896551724137931,0.5
whale_volume,rolling7_top1,82,1,1,93,14,11,0.15053763440860216,0.7857142857142857
whale_volume,rolling7_top1,83,0,0,16079,813,254,0.050562845948131104,0.3124231242312423
whale_volume,rolling7_top1,83,0,1,2727,1311,1017,0.4807480748074808,0.7757437070938215
whale_volume,rolling7_top1,83,1,0,23,0,0,0.0,
whale_volume,rolling7_top1,83,1,1,121,15,13,0.12396694214876033,0.8666666666666667
whale_volume,rolling7_top1,84,0,0,21329,1907,328,0.08940878615968868,0.17199790246460409
whale_volume,rolling7_top1,84,0,1,3187,1488,1066,0.46689676812048947,0.7163978494623656
whale_volume,rolling7_top1,84,1,0,33,7,7,0.21212121212121213,1.0
whale_volume,rolling7_top1,84,1,1,148,21,15,0.14189189189189189,0.7142857142857143
whale_volume,rolling7_top1,85,0,0,13373,460,267,0.03439766694085097,0.5804347826086956
whale_volume,rolling7_top1,85,0,1,2323,1092,799,0.47008179078777446,0.7316849816849816
whale_volume,rolling7_top1,85,1,0,21,3,1,0.14285714285714285,0.3333333333333333
whale_volume,rolling7_top1,85,1,1,109,9,8,0.08256880733944955,0.8888888888888888
whale_volume,rolling7_top1,86,0,0,15850,836,363,0.052744479495268136,0.4342105263157895
whale_volume,rolling7_top1,86,0,1,2721,1292,884,0.47482543182653436,0.6842105263157895
whale_volume,rolling7_top1,86,1,0,31,0,0,0.0,
whale_volume,rolling7_top1,86,1,1,102,14,10,0.13725490196078433,0.7142857142857143
whale_volume,rolling7_top1,87,0,0,30980,6056,505,0.19548095545513233,0.0833883751651255
whale_volume,rolling7_top1,87,0,1,5295,2295,1688,0.43342776203966005,0.7355119825708061
whale_volume,rolling7_top1,87,1,0,72,6,6,0.08333333333333333,1.0
whale_volume,rolling7_top1,87,1,1,155,21,17,0.13548387096774195,0.8095238095238095
whale_volume,rolling7_top1,88,0,0,13452,397,181,0.02951234017246506,0.45591939546599497
whale_volume,rolling7_top1,88,0,1,2245,903,649,0.4022271714922049,0.7187153931339978
whale_volume,rolling7_top1,88,1,0,22,0,0,0.0,
whale_volume,rolling7_top1,88,1,1,79,13,7,0.16455696202531644,0.5384615384615384
whale_volume,rolling7_top1,89,0,0,20325,979,524,0.048167281672816725,0.5352400408580184
whale_volume,rolling7_top1,89,0,1,3305,1327,922,0.4015128593040847,0.694800301431801
whale_volume,rolling7_top1,89,1,0,44,4,3,0.09090909090909091,0.75
whale_volume,rolling7_top1,89,1,1,173,17,16,0.09826589595375723,0.9411764705882353
whale_volume,rolling7_top1,90,0,0,16381,2031,281,0.1239851046944631,0.13835548990645002
whale_volume,rolling7_top1,90,0,1,2551,1078,843,0.4225793806350451,0.7820037105751392
whale_volume,rolling7_top1,90,1,0,21,0,0,0.0,
whale_volume,rolling7_top1,90,1,1,111,11,9,0.0990990990990991,0.8181818181818182
whale_volume,rolling7_top1,91,0,0,26222,2279,477,0.08691175348943635,0.20930232558139536
whale_volume,rolling7_top1,91,0,1,4236,2088,1505,0.49291784702549574,0.7207854406130269
whale_volume,rolling7_top1,91,1,0,55,5,4,0.09090909090909091,0.8
whale_volume,rolling7_top1,91,1,1,131,20,16,0.15267175572519084,0.8
whale_volume,rolling7_top1,92,0,0,24063,1168,676,0.048539251132444,0.5787671232876712
whale_volume,rolling7_top1,92,0,1,4410,2283,1774,0.5176870748299319,0.777047744196233
whale_volume,rolling7_top1,92,1,0,41,5,4,0.12195121951219512,0.8
whale_volume,rolling7_top1,92,1,1,196,40,28,0.20408163265306123,0.7
whale_volume,rolling7_top1,93,0,0,24578,1141,430,0.04642363088941329,0.3768624014022787
whale_volume,rolling7_top1,93,0,1,3985,2102,1495,0.5274780426599749,0.7112274024738344
whale_volume,rolling7_top1,93,1,0,67,5,4,0.07462686567164178,0.8
whale_volume,rolling7_top1,93,1,1,157,29,23,0.18471337579617833,0.7931034482758621
whale_volume,rolling7_top1,94,0,0,20733,1225,591,0.059084551198572324,0.48244897959183675
whale_volume,rolling7_top1,94,0,1,3630,1581,1161,0.43553719008264463,0.7343453510436433
whale_volume,rolling7_top1,94,1,0,42,4,3,0.09523809523809523,0.75
whale_volume,rolling7_top1,94,1,1,179,20,13,0.11173184357541899,0.65
whale_volume,rolling7_top1,95,0,0,21557,2110,476,0.09788003896646101,0.22559241706161137
whale_volume,rolling7_top1,95,0,1,3479,1520,1204,0.4369071572290888,0.7921052631578948
whale_volume,rolling7_top1,95,1,0,61,3,3,0.04918032786885246,1.0
whale_volume,rolling7_top1,95,1,1,144,15,12,0.10416666666666667,0.8
whale_volume,rolling7_top1,96,0,0,18271,1019,560,0.05577144108149527,0.549558390578999
whale_volume,rolling7_top1,96,0,1,2914,1348,986,0.4625943719972546,0.7314540059347181
whale_volume,rolling7_top1,96,1,0,70,6,6,0.08571428571428572,1.0
whale_volume,rolling7_top1,96,1,1,133,18,14,0.13533834586466165,0.7777777777777778
whale_volume,rolling7_top1,97,0,0,31976,1984,594,0.062046534901175884,0.29939516129032256
whale_volume,rolling7_top1,97,0,1,5453,2712,2004,0.4973409132587566,0.7389380530973452
whale_volume,rolling7_top1,97,1,0,103,7,4,0.06796116504854369,0.5714285714285714
whale_volume,rolling7_top1,97,1,1,193,29,26,0.15025906735751296,0.896551724137931
whale_volume,rolling7_top1,98,0,0,27376,2607,626,0.09522939801285797,0.24012274645186038
whale_volume,rolling7_top1,98,0,1,5065,2507,1971,0.4949654491609082,0.7861986437973674
whale_volume,rolling7_top1,98,1,0,63,2,2,0.031746031746031744,1.0
whale_volume,rolling7_top1,98,1,1,213,33,31,0.15492957746478872,0.9393939393939394
whale_volume,rolling7_top1,99,0,0,37696,3525,800,0.09351124787775891,0.22695035460992907
whale_volume,rolling7_top1,99,0,1,6814,3087,2380,0.4530378632227766,0.7709750566893424
whale_volume,rolling7_top1,99,1,0,92,11,10,0.11956521739130435,0.9090909090909091
whale_volume,rolling7_top1,99,1,1,233,40,33,0.17167381974248927,0.825
whale_volume,rolling7_top1,100,0,0,26191,3060,678,0.11683402695582452,0.22156862745098038
whale_volume,rolling7_top1,100,0,1,4261,1801,1417,0.4226707345693499,0.7867851193781232
whale_volume,rolling7_top1,100,1,0,89,2,1,0.02247191011235955,0.5
whale_volume,rolling7_top1,100,1,1,207,29,21,0.14009661835748793,0.7241379310344828
whale_volume,rolling7_top1,101,0,0,27337,1935,657,0.07078318762117276,0.3395348837209302
whale_volume,rolling7_top1,101,0,1,5967,2737,2155,0.4586894586894587,0.7873584216295214
whale_volume,rolling7_top1,101,1,0,89,7,4,0.07865168539325842,0.5714285714285714
whale_volume,rolling7_top1,101,1,1,217,48,43,0.22119815668202766,0.8958333333333334
whale_volume,rolling7_top1,102,0,0,23361,1431,512,0.061255939386156415,0.3577917540181691
whale_volume,rolling7_top1,102,0,1,5136,2204,1725,0.42912772585669784,0.7826678765880217
whale_volume,rolling7_top1,102,1,0,71,17,15,0.23943661971830985,0.8823529411764706
whale_volume,rolling7_top1,102,1,1,123,11,10,0.08943089430894309,0.9090909090909091
whale_volume,rolling7_top1,103,0,0,12144,879,336,0.07238142292490118,0.3822525597269625
whale_volume,rolling7_top1,103,0,1,4255,1535,1351,0.3607520564042303,0.8801302931596091
whale_volume,rolling7_top1,103,1,0,54,2,2,0.037037037037037035,1.0
whale_volume,rolling7_top1,103,1,1,89,9,8,0.10112359550561797,0.8888888888888888
whale_volume,rolling7_top1,104,0,0,18290,1412,705,0.07720065609622745,0.4992917847025496
whale_volume,rolling7_top1,104,0,1,5671,2371,2197,0.4180920472579792,0.9266132433572333
whale_volume,rolling7_top1,104,1,0,74,6,5,0.08108108108108109,0.8333333333333334
whale_volume,rolling7_top1,104,1,1,157,28,27,0.17834394904458598,0.9642857142857143
