specification,event_id,large_action,dynamic_high_activity,actions,any_next,same_next,any_next_action_5m,same_direction_given_next_5m
expanding,12,0,0.0,4586,238,147,0.051897078063672046,0.6176470588235294
expanding,12,0,1.0,406,266,142,0.6551724137931034,0.5338345864661654
expanding,12,1,0.0,39,4,4,0.10256410256410256,1.0
expanding,12,1,1.0,35,5,5,0.14285714285714285,1.0
expanding,13,0,0.0,10660,775,431,0.07270168855534709,0.5561290322580645
expanding,13,0,1.0,1873,1179,824,0.6294714361986119,0.6988973706530959
expanding,13,1,0.0,110,13,12,0.11818181818181818,0.9230769230769231
expanding,13,1,1.0,84,25,17,0.2976190476190476,0.68
expanding,14,0,0.0,15309,761,444,0.049709321314259584,0.5834428383705651
expanding,14,0,1.0,1997,1314,909,0.657986980470706,0.6917808219178082
expanding,14,1,0.0,61,2,2,0.03278688524590164,1.0
expanding,14,1,1.0,84,28,23,0.3333333333333333,0.8214285714285714
expanding,15,0,0.0,12587,657,373,0.05219671089219036,0.5677321156773212
expanding,15,0,1.0,1618,993,726,0.6137206427688504,0.7311178247734139
expanding,15,1,0.0,53,1,1,0.018867924528301886,1.0
expanding,15,1,1.0,68,16,13,0.23529411764705882,0.8125
expanding,16,0,0.0,13292,770,407,0.05792958170328017,0.5285714285714286
expanding,16,0,1.0,2000,1204,871,0.602,0.723421926910299
expanding,16,1,0.0,46,2,2,0.043478260869565216,1.0
expanding,16,1,1.0,65,15,13,0.23076923076923078,0.8666666666666667
expanding,17,0,0.0,25186,1227,562,0.048717541491304694,0.4580277098614507
expanding,17,0,1.0,3227,2113,1340,0.65478772854044,0.6341694273544723
expanding,17,1,0.0,125,13,11,0.104,0.8461538461538461
expanding,17,1,1.0,95,19,16,0.2,0.8421052631578947
expanding,18,0,0.0,12851,502,288,0.03906310792934402,0.5737051792828686
expanding,18,0,1.0,1664,912,727,0.5480769230769231,0.7971491228070176
expanding,18,1,0.0,43,1,1,0.023255813953488372,1.0
expanding,18,1,1.0,39,4,2,0.10256410256410256,0.5
expanding,19,0,0.0,19042,913,470,0.047946644260056716,0.5147864184008762
expanding,19,0,1.0,2863,1772,1171,0.6189311910583304,0.6608352144469526
expanding,19,1,0.0,63,2,2,0.031746031746031744,1.0
expanding,19,1,1.0,69,20,12,0.2898550724637681,0.6
expanding,20,0,0.0,9464,360,179,0.03803888419273035,0.49722222222222223
expanding,20,0,1.0,1318,589,396,0.44688922610015175,0.6723259762308998
expanding,20,1,0.0,35,0,0,0.0,
expanding,20,1,1.0,42,3,1,0.07142857142857142,0.3333333333333333
expanding,21,0,0.0,20253,1138,530,0.05618920653730312,0.46572934973637964
expanding,21,0,1.0,2114,1215,732,0.5747398297067171,0.6024691358024692
expanding,21,1,0.0,114,4,3,0.03508771929824561,0.75
expanding,21,1,1.0,91,20,8,0.21978021978021978,0.4
expanding,22,0,0.0,21692,1052,572,0.04849714180342984,0.5437262357414449
expanding,22,0,1.0,2520,1480,1059,0.5873015873015873,0.7155405405405405
expanding,22,1,0.0,79,5,3,0.06329113924050633,0.6
expanding,22,1,1.0,67,9,5,0.13432835820895522,0.5555555555555556
expanding,23,0,0.0,12660,583,271,0.04605055292259084,0.4648370497427101
expanding,23,0,1.0,1853,1001,733,0.54020507285483,0.7322677322677322
expanding,23,1,0.0,50,3,2,0.06,0.6666666666666666
expanding,23,1,1.0,58,9,6,0.15517241379310345,0.6666666666666666
expanding,24,0,0.0,12106,528,256,0.043614736494300345,0.48484848484848486
expanding,24,0,1.0,1393,559,412,0.4012921751615219,0.7370304114490162
expanding,24,1,0.0,21,1,1,0.047619047619047616,1.0
expanding,24,1,1.0,79,20,18,0.25316455696202533,0.9
expanding,25,0,0.0,17839,967,509,0.054207074387577776,0.5263702171664943
expanding,25,0,1.0,2212,1222,809,0.5524412296564195,0.6620294599018003
expanding,25,1,0.0,90,18,18,0.2,1.0
expanding,25,1,1.0,90,22,14,0.24444444444444444,0.6363636363636364
expanding,26,0,0.0,13524,501,260,0.0370452528837622,0.5189620758483033
expanding,26,0,1.0,1784,1035,802,0.5801569506726457,0.77487922705314
expanding,26,1,0.0,47,4,3,0.0851063829787234,0.75
expanding,26,1,1.0,44,7,5,0.1590909090909091,0.7142857142857143
expanding,27,0,0.0,13307,704,391,0.05290448636056211,0.5553977272727273
expanding,27,0,1.0,2078,1071,857,0.5153994225216555,0.800186741363212
expanding,27,1,0.0,28,4,4,0.14285714285714285,1.0
expanding,27,1,1.0,66,10,8,0.15151515151515152,0.8
expanding,28,0,0.0,20332,1029,489,0.05060987605744639,0.4752186588921283
expanding,28,0,1.0,2968,1556,1171,0.5242587601078167,0.7525706940874036
expanding,28,1,0.0,79,11,10,0.13924050632911392,0.9090909090909091
expanding,28,1,1.0,125,24,22,0.192,0.9166666666666666
expanding,29,0,0.0,21606,1325,621,0.06132555771544941,0.46867924528301885
expanding,29,0,1.0,3374,1843,1289,0.5462359217545939,0.6994031470428649
expanding,29,1,0.0,92,8,5,0.08695652173913043,0.625
expanding,29,1,1.0,168,17,14,0.10119047619047619,0.8235294117647058
expanding,30,0,0.0,17654,641,368,0.0363090517729693,0.5741029641185648
expanding,30,0,1.0,2213,1137,899,0.5137821961138725,0.7906772207563765
expanding,30,1,0.0,49,1,1,0.02040816326530612,1.0
expanding,30,1,1.0,72,8,8,0.1111111111111111,1.0
expanding,31,0,0.0,12152,549,307,0.04517774851876234,0.5591985428051002
expanding,31,0,1.0,2224,862,675,0.38758992805755393,0.7830626450116009
expanding,31,1,0.0,36,2,2,0.05555555555555555,1.0
expanding,31,1,1.0,93,19,15,0.20430107526881722,0.7894736842105263
expanding,32,0,0.0,14292,607,313,0.04247131262244613,0.515650741350906
expanding,32,0,1.0,1817,794,539,0.4369840396257567,0.6788413098236776
expanding,32,1,0.0,36,5,4,0.1388888888888889,0.8
expanding,32,1,1.0,99,18,18,0.18181818181818182,1.0
expanding,33,0,0.0,18207,823,353,0.04520239468336354,0.4289185905224787
expanding,33,0,1.0,2439,1329,897,0.5448954489544895,0.6749435665914221
expanding,33,1,0.0,42,8,7,0.19047619047619047,0.875
expanding,33,1,1.0,86,12,8,0.13953488372093023,0.6666666666666666
expanding,34,0,0.0,23449,1033,600,0.04405305130282741,0.5808325266214908
expanding,34,0,1.0,3017,1488,1007,0.49320517069937025,0.676747311827957
expanding,34,1,0.0,87,7,7,0.08045977011494253,1.0
expanding,34,1,1.0,206,70,64,0.33980582524271846,0.9142857142857143
expanding,35,0,0.0,11525,545,314,0.0472885032537961,0.5761467889908257
expanding,35,0,1.0,1988,702,538,0.35311871227364183,0.7663817663817664
expanding,35,1,0.0,30,2,0,0.06666666666666667,0.0
expanding,35,1,1.0,108,28,20,0.25925925925925924,0.7142857142857143
expanding,36,0,0.0,18557,879,420,0.04736757018914695,0.4778156996587031
expanding,36,0,1.0,2555,1232,865,0.4821917808219178,0.7021103896103896
expanding,36,1,0.0,79,6,6,0.0759493670886076,1.0
expanding,36,1,1.0,122,30,25,0.2459016393442623,0.8333333333333334
expanding,37,0,0.0,14788,1053,349,0.07120638355423316,0.33143399810066476
expanding,37,0,1.0,2389,1093,820,0.45751360401841773,0.7502287282708143
expanding,37,1,0.0,52,1,1,0.019230769230769232,1.0
expanding,37,1,1.0,77,12,9,0.15584415584415584,0.75
expanding,38,0,0.0,17348,719,351,0.04144569979248328,0.48817802503477054
expanding,38,0,1.0,2100,1023,784,0.48714285714285716,0.7663734115347018
expanding,38,1,0.0,45,2,2,0.044444444444444446,1.0
expanding,38,1,1.0,60,6,5,0.1,0.8333333333333334
expanding,39,0,0.0,14691,468,237,0.03185623851337554,0.5064102564102564
expanding,39,0,1.0,1967,943,701,0.47941026944585663,0.7433722163308589
expanding,39,1,0.0,29,0,0,0.0,
expanding,39,1,1.0,61,17,15,0.2786885245901639,0.8823529411764706
expanding,40,0,0.0,13021,518,277,0.039781890791797864,0.5347490347490348
expanding,40,0,1.0,1555,645,487,0.41479099678456594,0.7550387596899225
expanding,40,1,0.0,46,3,1,0.06521739130434782,0.3333333333333333
expanding,40,1,1.0,66,7,6,0.10606060606060606,0.8571428571428571
expanding,41,0,0.0,27829,1205,623,0.043300154515074206,0.5170124481327801
expanding,41,0,1.0,3985,2027,1428,0.5086574654956085,0.7044893931919092
expanding,41,1,0.0,76,2,2,0.02631578947368421,1.0
expanding,41,1,1.0,202,36,33,0.1782178217821782,0.9166666666666666
expanding,42,0,0.0,13466,1472,394,0.10931234219515817,0.26766304347826086
expanding,42,0,1.0,2010,742,557,0.3691542288557214,0.7506738544474394
expanding,42,1,0.0,43,1,1,0.023255813953488372,1.0
expanding,42,1,1.0,95,11,10,0.11578947368421053,0.9090909090909091
expanding,43,0,0.0,19667,837,434,0.04255860070168302,0.5185185185185185
expanding,43,0,1.0,2754,1308,993,0.4749455337690632,0.7591743119266054
expanding,43,1,0.0,36,3,2,0.08333333333333333,0.6666666666666666
expanding,43,1,1.0,111,21,19,0.1891891891891892,0.9047619047619048
expanding,44,0,0.0,11876,608,275,0.05119568878410239,0.45230263157894735
expanding,44,0,1.0,1616,550,379,0.34034653465346537,0.6890909090909091
expanding,44,1,0.0,36,1,1,0.027777777777777776,1.0
expanding,44,1,1.0,86,7,6,0.08139534883720931,0.8571428571428571
expanding,45,0,0.0,15642,930,419,0.05945531261986958,0.4505376344086022
expanding,45,0,1.0,2396,1181,827,0.4929048414023372,0.7002540220152413
expanding,45,1,0.0,43,2,2,0.046511627906976744,1.0
expanding,45,1,1.0,100,13,11,0.13,0.8461538461538461
expanding,46,0,0.0,15712,1238,349,0.07879327902240325,0.28190630048465265
expanding,46,0,1.0,2143,931,773,0.43443770415305644,0.8302900107411385
expanding,46,1,0.0,52,0,0,0.0,
expanding,46,1,1.0,89,12,7,0.1348314606741573,0.5833333333333334
expanding,47,0,0.0,14482,496,240,0.034249413064493854,0.4838709677419355
expanding,47,0,1.0,1998,875,672,0.43793793793793795,0.768
expanding,47,1,0.0,56,8,7,0.14285714285714285,0.875
expanding,47,1,1.0,88,15,12,0.17045454545454544,0.8
expanding,48,0,0.0,14277,516,243,0.03614204664845556,0.47093023255813954
expanding,48,0,1.0,1611,654,449,0.4059590316573557,0.6865443425076453
expanding,48,1,0.0,24,0,0,0.0,
expanding,48,1,1.0,52,6,3,0.11538461538461539,0.5
expanding,49,0,0.0,17349,946,480,0.05452763848060407,0.507399577167019
expanding,49,0,1.0,2210,1111,746,0.5027149321266968,0.6714671467146714
expanding,49,1,0.0,53,5,2,0.09433962264150944,0.4
expanding,49,1,1.0,77,9,5,0.11688311688311688,0.5555555555555556
expanding,50,0,0.0,10638,540,311,0.050761421319796954,0.575925925925926
expanding,50,0,1.0,1337,530,427,0.39640987284966345,0.8056603773584906
expanding,50,1,0.0,20,2,1,0.1,0.5
expanding,50,1,1.0,40,5,4,0.125,0.8
expanding,51,0,0.0,9726,473,248,0.04863253135924327,0.5243128964059197
expanding,51,0,1.0,1337,388,316,0.29020194465220644,0.8144329896907216
expanding,51,1,0.0,25,0,0,0.0,
expanding,51,1,1.0,71,9,7,0.1267605633802817,0.7777777777777778
expanding,52,0,0.0,13028,429,248,0.0329290758366595,0.578088578088578
expanding,52,0,1.0,1880,829,668,0.4409574468085106,0.8057901085645356
expanding,52,1,0.0,33,0,0,0.0,
expanding,52,1,1.0,76,12,11,0.15789473684210525,0.9166666666666666
expanding,53,0,0.0,13456,725,416,0.05387931034482758,0.5737931034482758
expanding,53,0,1.0,1983,858,653,0.43267776096822996,0.7610722610722611
expanding,53,1,0.0,32,3,3,0.09375,1.0
expanding,53,1,1.0,109,21,17,0.1926605504587156,0.8095238095238095
expanding,54,0,0.0,15075,687,296,0.045572139303482584,0.43085880640465796
expanding,54,0,1.0,2758,1339,1069,0.4854967367657723,0.7983569828230023
expanding,54,1,0.0,40,4,4,0.1,1.0
expanding,54,1,1.0,143,34,32,0.23776223776223776,0.9411764705882353
expanding,55,0,0.0,9614,1247,275,0.12970667776159767,0.22052927024859664
expanding,55,0,1.0,1737,490,418,0.2820955670696603,0.8530612244897959
expanding,55,1,0.0,22,1,1,0.045454545454545456,1.0
expanding,55,1,1.0,87,16,14,0.1839080459770115,0.875
expanding,56,0,0.0,26425,1692,917,0.06403027436140019,0.5419621749408984
expanding,56,0,1.0,4853,2284,1566,0.4706367195549145,0.6856392294220666
expanding,56,1,0.0,105,25,22,0.23809523809523808,0.88
expanding,56,1,1.0,233,57,53,0.2446351931330472,0.9298245614035088
expanding,57,0,0.0,8093,610,242,0.07537377980971209,0.39672131147540984
expanding,57,0,1.0,1503,428,367,0.28476380572188953,0.8574766355140186
expanding,57,1,0.0,16,0,0,0.0,
expanding,57,1,1.0,81,12,11,0.14814814814814814,0.9166666666666666
expanding,58,0,0.0,20205,902,502,0.044642415243751545,0.5565410199556541
expanding,58,0,1.0,3704,1630,1162,0.4400647948164147,0.7128834355828221
expanding,58,1,0.0,72,13,13,0.18055555555555555,1.0
expanding,58,1,1.0,217,43,33,0.19815668202764977,0.7674418604651163
expanding,59,0,0.0,9819,356,154,0.03625623790610042,0.43258426966292135
expanding,59,0,1.0,1928,647,494,0.3355809128630705,0.7635239567233385
expanding,59,1,0.0,18,0,0,0.0,
expanding,59,1,1.0,79,12,9,0.1518987341772152,0.75
expanding,60,0,0.0,19502,1037,543,0.053174033432468466,0.523625843780135
expanding,60,0,1.0,4605,2213,1597,0.4805646036916395,0.7216448260280163
expanding,60,1,0.0,74,6,5,0.08108108108108109,0.8333333333333334
expanding,60,1,1.0,270,54,49,0.2,0.9074074074074074
expanding,61,0,0.0,23356,1498,644,0.06413769481075526,0.42990654205607476
expanding,61,0,1.0,3462,1615,1097,0.46649335644136336,0.6792569659442724
expanding,61,1,0.0,66,4,3,0.06060606060606061,0.75
expanding,61,1,1.0,180,44,40,0.24444444444444444,0.9090909090909091
expanding,62,0,0.0,7378,483,241,0.06546489563567362,0.4989648033126294
expanding,62,0,1.0,1143,331,284,0.289588801399825,0.8580060422960725
expanding,62,1,0.0,12,0,0,0.0,
expanding,62,1,1.0,58,5,5,0.08620689655172414,1.0
expanding,63,0,0.0,12930,920,543,0.0711523588553751,0.5902173913043478
expanding,63,0,1.0,2263,900,657,0.39770216526734425,0.73
expanding,63,1,0.0,51,4,2,0.0784313725490196,0.5
expanding,63,1,1.0,91,10,8,0.10989010989010989,0.8
expanding,64,0,0.0,16820,798,431,0.04744351961950059,0.5401002506265664
expanding,64,0,1.0,2485,1088,776,0.43782696177062375,0.7132352941176471
expanding,64,1,0.0,44,3,3,0.06818181818181818,1.0
expanding,64,1,1.0,159,22,19,0.13836477987421383,0.8636363636363636
expanding,65,0,0.0,11626,574,301,0.049372097023911925,0.524390243902439
expanding,65,0,1.0,1536,530,392,0.3450520833333333,0.7396226415094339
expanding,65,1,0.0,22,0,0,0.0,
expanding,65,1,1.0,99,12,8,0.12121212121212122,0.6666666666666666
expanding,66,0,0.0,7576,526,323,0.06942977824709609,0.6140684410646388
expanding,66,0,1.0,1134,307,235,0.2707231040564374,0.7654723127035831
expanding,66,1,0.0,14,2,2,0.14285714285714285,1.0
expanding,66,1,1.0,48,6,6,0.125,1.0
expanding,67,0,0.0,13849,579,302,0.04180807278503863,0.5215889464594128
expanding,67,0,1.0,2484,1092,834,0.4396135265700483,0.7637362637362637
expanding,67,1,0.0,36,3,2,0.08333333333333333,0.6666666666666666
expanding,67,1,1.0,113,22,18,0.19469026548672566,0.8181818181818182
expanding,68,0,0.0,9724,844,230,0.08679555738379267,0.2725118483412322
expanding,68,0,1.0,1723,632,510,0.3668020893789901,0.8069620253164557
expanding,68,1,0.0,20,2,2,0.1,1.0
expanding,68,1,1.0,86,8,8,0.09302325581395349,1.0
expanding,69,0,0.0,18035,911,478,0.05051289159966731,0.5246981339187706
expanding,69,0,1.0,3052,1379,991,0.4518348623853211,0.7186366932559826
expanding,69,1,0.0,67,1,0,0.014925373134328358,0.0
expanding,69,1,1.0,156,23,16,0.14743589743589744,0.6956521739130435
expanding,70,0,0.0,8860,443,212,0.05,0.4785553047404063
expanding,70,0,1.0,1584,679,567,0.4286616161616162,0.8350515463917526
expanding,70,1,0.0,15,1,1,0.06666666666666667,1.0
expanding,70,1,1.0,57,8,7,0.14035087719298245,0.875
expanding,71,0,0.0,10305,473,267,0.04590004852013586,0.5644820295983086
expanding,71,0,1.0,1623,487,347,0.30006161429451633,0.7125256673511293
expanding,71,1,0.0,17,0,0,0.0,
expanding,71,1,1.0,64,12,11,0.1875,0.9166666666666666
expanding,72,0,0.0,11082,1585,240,0.14302472477892078,0.15141955835962145
expanding,72,0,1.0,1891,612,488,0.32363828662083555,0.7973856209150327
expanding,72,1,0.0,20,1,1,0.05,1.0
expanding,72,1,1.0,87,9,6,0.10344827586206896,0.6666666666666666
expanding,73,0,0.0,16753,838,463,0.050020891780576615,0.5525059665871122
expanding,73,0,1.0,2541,1382,953,0.5438803620621803,0.6895803183791607
expanding,73,1,0.0,23,2,2,0.08695652173913043,1.0
expanding,73,1,1.0,125,13,11,0.104,0.8461538461538461
expanding,74,0,0.0,28827,1489,552,0.05165296423491865,0.3707186030893217
expanding,74,0,1.0,4538,2545,1716,0.5608197443807845,0.6742632612966601
expanding,74,1,0.0,82,7,5,0.08536585365853659,0.7142857142857143
expanding,74,1,1.0,177,18,13,0.1016949152542373,0.7222222222222222
expanding,75,0,0.0,16274,796,438,0.0489123755683913,0.550251256281407
expanding,75,0,1.0,2331,1146,834,0.49163449163449163,0.7277486910994765
expanding,75,1,0.0,46,4,4,0.08695652173913043,1.0
expanding,75,1,1.0,122,17,13,0.13934426229508196,0.7647058823529411
expanding,76,0,0.0,17740,796,476,0.04487034949267193,0.5979899497487438
expanding,76,0,1.0,2668,1281,821,0.4801349325337331,0.6409055425448869
expanding,76,1,0.0,41,5,1,0.12195121951219512,0.2
expanding,76,1,1.0,100,11,6,0.11,0.5454545454545454
expanding,77,0,0.0,18937,1036,479,0.05470771505518297,0.4623552123552124
expanding,77,0,1.0,2900,1478,1013,0.5096551724137931,0.6853856562922869
expanding,77,1,0.0,42,3,3,0.07142857142857142,1.0
expanding,77,1,1.0,142,22,18,0.15492957746478872,0.8181818181818182
expanding,78,0,0.0,18566,996,463,0.053646450500915654,0.464859437751004
expanding,78,0,1.0,2877,1349,1078,0.46889120611748347,0.799110452186805
expanding,78,1,0.0,42,1,1,0.023809523809523808,1.0
expanding,78,1,1.0,116,18,12,0.15517241379310345,0.6666666666666666
expanding,79,0,0.0,15893,593,353,0.03731202416158057,0.5952782462057336
expanding,79,0,1.0,2430,1156,806,0.4757201646090535,0.6972318339100346
expanding,79,1,0.0,37,9,9,0.24324324324324326,1.0
expanding,79,1,1.0,100,9,4,0.09,0.4444444444444444
expanding,80,0,0.0,15461,1057,330,0.06836556496992433,0.3122043519394513
expanding,80,0,1.0,2236,1138,786,0.5089445438282647,0.6906854130052724
expanding,80,1,0.0,34,4,3,0.11764705882352941,0.75
expanding,80,1,1.0,71,9,8,0.1267605633802817,0.8888888888888888
expanding,81,0,0.0,17495,948,649,0.05418691054587025,0.6845991561181435
expanding,81,0,1.0,2722,1510,1025,0.5547391623806025,0.6788079470198676
expanding,81,1,0.0,49,13,11,0.2653061224489796,0.8461538461538461
expanding,81,1,1.0,78,12,10,0.15384615384615385,0.8333333333333334
expanding,82,0,0.0,14920,557,259,0.03733243967828418,0.4649910233393178
expanding,82,0,1.0,2217,1006,743,0.453766350924673,0.7385685884691849
expanding,82,1,0.0,28,2,1,0.07142857142857142,0.5
expanding,82,1,1.0,94,14,11,0.14893617021276595,0.7857142857142857
expanding,83,0,0.0,16161,814,252,0.050368170286492174,0.3095823095823096
expanding,83,0,1.0,2645,1310,1019,0.4952741020793951,0.7778625954198474
expanding,83,1,0.0,31,0,0,0.0,
expanding,83,1,1.0,113,15,13,0.13274336283185842,0.8666666666666667
expanding,84,0,0.0,21401,1911,331,0.08929489276202046,0.17320774463631605
expanding,84,0,1.0,3115,1484,1063,0.4764044943820225,0.7163072776280324
expanding,84,1,0.0,54,8,7,0.14814814814814814,0.875
expanding,84,1,1.0,127,20,15,0.15748031496062992,0.75
expanding,85,0,0.0,13450,470,272,0.03494423791821561,0.5787234042553191
expanding,85,0,1.0,2246,1082,794,0.4817453250222618,0.7338262476894639
expanding,85,1,0.0,30,3,1,0.1,0.3333333333333333
expanding,85,1,1.0,100,9,8,0.09,0.8888888888888888
expanding,86,0,0.0,15997,873,376,0.054572732387322624,0.4306987399770905
expanding,86,0,1.0,2574,1255,871,0.4875679875679876,0.6940239043824701
expanding,86,1,0.0,40,2,1,0.05,0.5
expanding,86,1,1.0,93,12,9,0.12903225806451613,0.75
expanding,87,0,0.0,31215,6097,535,0.195322761492872,0.08774807282269968
expanding,87,0,1.0,5060,2254,1658,0.44545454545454544,0.735581188997338
expanding,87,1,0.0,85,6,6,0.07058823529411765,1.0
expanding,87,1,1.0,142,21,17,0.14788732394366197,0.8095238095238095
expanding,88,0,0.0,13578,416,193,0.030637796435410224,0.4639423076923077
expanding,88,0,1.0,2119,884,637,0.4171779141104294,0.7205882352941176
expanding,88,1,0.0,31,0,0,0.0,
expanding,88,1,1.0,70,13,7,0.18571428571428572,0.5384615384615384
expanding,89,0,0.0,20480,1000,533,0.048828125,0.533
expanding,89,0,1.0,3150,1306,913,0.4146031746031746,0.6990811638591118
expanding,89,1,0.0,50,3,2,0.06,0.6666666666666666
expanding,89,1,1.0,167,18,17,0.10778443113772455,0.9444444444444444
expanding,90,0,0.0,16480,2054,295,0.12463592233009708,0.1436222005842259
expanding,90,0,1.0,2452,1055,829,0.4302610114192496,0.785781990521327
expanding,90,1,0.0,44,1,1,0.022727272727272728,1.0
expanding,90,1,1.0,88,10,8,0.11363636363636363,0.8
expanding,91,0,0.0,26320,2307,475,0.08765197568389058,0.2058951018638925
expanding,91,0,1.0,4138,2060,1507,0.49782503624939584,0.7315533980582525
expanding,91,1,0.0,63,4,3,0.06349206349206349,0.75
expanding,91,1,1.0,123,21,17,0.17073170731707318,0.8095238095238095
expanding,92,0,0.0,24215,1189,689,0.04910179640718563,0.5794785534062237
expanding,92,0,1.0,4258,2262,1761,0.5312353217472991,0.7785145888594165
expanding,92,1,0.0,66,5,4,0.07575757575757576,0.8
expanding,92,1,1.0,171,40,28,0.23391812865497075,0.7
expanding,93,0,0.0,24728,1156,437,0.04674862504043999,0.3780276816608997
expanding,93,0,1.0,3835,2087,1488,0.5441981747066493,0.7129851461427887
expanding,93,1,0.0,76,4,3,0.05263157894736842,0.75
expanding,93,1,1.0,148,30,24,0.20270270270270271,0.8
expanding,94,0,0.0,20872,1274,634,0.061038712150249134,0.4976452119309262
expanding,94,0,1.0,3491,1532,1118,0.4388427384703523,0.7297650130548303
expanding,94,1,0.0,50,4,3,0.08,0.75
expanding,94,1,1.0,171,20,13,0.11695906432748537,0.65
expanding,95,0,0.0,21692,2132,480,0.09828508205790153,0.225140712945591
expanding,95,0,1.0,3344,1498,1200,0.4479665071770335,0.8010680907877169
expanding,95,1,0.0,82,3,3,0.036585365853658534,1.0
expanding,95,1,1.0,123,15,12,0.12195121951219512,0.8
expanding,96,0,0.0,18367,1029,567,0.056024391571840804,0.5510204081632653
expanding,96,0,1.0,2818,1338,979,0.47480482611781405,0.7316890881913304
expanding,96,1,0.0,85,7,6,0.08235294117647059,0.8571428571428571
expanding,96,1,1.0,118,17,14,0.1440677966101695,0.8235294117647058
expanding,97,0,0.0,32218,2102,604,0.06524303184555218,0.2873453853472883
expanding,97,0,1.0,5211,2594,1994,0.49779312991748226,0.7686969930609098
expanding,97,1,0.0,126,8,5,0.06349206349206349,0.625
expanding,97,1,1.0,170,28,25,0.16470588235294117,0.8928571428571429
expanding,98,0,0.0,27579,2718,648,0.0985532470357881,0.23841059602649006
expanding,98,0,1.0,4862,2396,1949,0.4928013163307281,0.8134390651085142
expanding,98,1,0.0,92,5,5,0.05434782608695652,1.0
expanding,98,1,1.0,184,30,28,0.16304347826086957,0.9333333333333333
expanding,99,0,0.0,37894,3578,838,0.09442128041378582,0.23420905533817776
expanding,99,0,1.0,6616,3034,2342,0.4585852478839178,0.7719182597231378
expanding,99,1,0.0,100,9,9,0.09,1.0
expanding,99,1,1.0,225,42,34,0.18666666666666668,0.8095238095238095
expanding,100,0,0.0,26372,3123,714,0.11842105263157894,0.228626320845341
expanding,100,0,1.0,4080,1738,1381,0.42598039215686273,0.7945914844649021
expanding,100,1,0.0,108,6,5,0.05555555555555555,0.8333333333333334
expanding,100,1,1.0,188,25,17,0.13297872340425532,0.68
expanding,101,0,0.0,27914,2222,868,0.07960163358888013,0.39063906390639064
expanding,101,0,1.0,5390,2450,1944,0.45454545454545453,0.793469387755102
expanding,101,1,0.0,105,11,8,0.10476190476190476,0.7272727272727273
expanding,101,1,1.0,201,44,39,0.21890547263681592,0.8863636363636364
expanding,102,0,0.0,23720,1551,582,0.06538785834738617,0.37524177949709864
expanding,102,0,1.0,4777,2084,1655,0.4362570651036215,0.7941458733205374
expanding,102,1,0.0,74,15,14,0.20270270270270271,0.9333333333333333
expanding,102,1,1.0,120,13,11,0.10833333333333334,0.8461538461538461
expanding,103,0,0.0,12322,963,396,0.0781528972569388,0.411214953271028
expanding,103,0,1.0,4077,1451,1291,0.3558989453029188,0.8897312198483804
expanding,103,1,0.0,58,4,4,0.06896551724137931,1.0
expanding,103,1,1.0,85,7,6,0.08235294117647059,0.8571428571428571
expanding,104,0,0.0,18316,1415,703,0.07725485913955012,0.49681978798586574
expanding,104,0,1.0,5645,2368,2199,0.4194862710363153,0.9286317567567568
expanding,104,1,0.0,79,7,5,0.08860759493670886,0.7142857142857143
expanding,104,1,1.0,152,27,27,0.17763157894736842,1.0
rolling_7d,12,0,0.0,4589,238,147,0.051863151013292655,0.6176470588235294
rolling_7d,12,0,1.0,403,266,142,0.6600496277915633,0.5338345864661654
rolling_7d,12,1,0.0,39,4,4,0.10256410256410256,1.0
rolling_7d,12,1,1.0,35,5,5,0.14285714285714285,1.0
rolling_7d,13,0,0.0,10661,775,431,0.07269486914923554,0.5561290322580645
rolling_7d,13,0,1.0,1872,1179,824,0.6298076923076923,0.6988973706530959
rolling_7d,13,1,0.0,110,13,12,0.11818181818181818,0.9230769230769231
rolling_7d,13,1,1.0,84,25,17,0.2976190476190476,0.68
rolling_7d,14,0,0.0,15315,762,445,0.049755142017629775,0.583989501312336
rolling_7d,14,0,1.0,1991,1313,908,0.6594676042189854,0.6915460776846916
rolling_7d,14,1,0.0,62,2,2,0.03225806451612903,1.0
rolling_7d,14,1,1.0,83,28,23,0.3373493975903614,0.8214285714285714
rolling_7d,15,0,0.0,12589,658,374,0.052267852887441416,0.5683890577507599
rolling_7d,15,0,1.0,1616,992,725,0.6138613861386139,0.7308467741935484
rolling_7d,15,1,0.0,55,1,1,0.01818181818181818,1.0
rolling_7d,15,1,1.0,66,16,13,0.24242424242424243,0.8125
rolling_7d,16,0,0.0,13294,771,408,0.057996088460959834,0.5291828793774319
rolling_7d,16,0,1.0,1998,1203,870,0.6021021021021021,0.7231920199501247
rolling_7d,16,1,0.0,46,2,2,0.043478260869565216,1.0
rolling_7d,16,1,1.0,65,15,13,0.23076923076923078,0.8666666666666667
rolling_7d,17,0,0.0,25190,1227,562,0.04870980547836443,0.4580277098614507
rolling_7d,17,0,1.0,3223,2113,1340,0.6556003723239218,0.6341694273544723
rolling_7d,17,1,0.0,125,13,11,0.104,0.8461538461538461
rolling_7d,17,1,1.0,95,19,16,0.2,0.8421052631578947
rolling_7d,18,0,0.0,12851,502,288,0.03906310792934402,0.5737051792828686
rolling_7d,18,0,1.0,1664,912,727,0.5480769230769231,0.7971491228070176
rolling_7d,18,1,0.0,43,1,1,0.023255813953488372,1.0
rolling_7d,18,1,1.0,39,4,2,0.10256410256410256,0.5
rolling_7d,19,0,0.0,19048,913,470,0.04793154136917262,0.5147864184008762
rolling_7d,19,0,1.0,2857,1772,1171,0.6202310115505776,0.6608352144469526
rolling_7d,19,1,0.0,63,2,2,0.031746031746031744,1.0
rolling_7d,19,1,1.0,69,20,12,0.2898550724637681,0.6
rolling_7d,20,0,0.0,9476,361,180,0.03809624314056564,0.4986149584487535
rolling_7d,20,0,1.0,1306,588,395,0.450229709035222,0.6717687074829932
rolling_7d,20,1,0.0,36,0,0,0.0,
rolling_7d,20,1,1.0,41,3,1,0.07317073170731707,0.3333333333333333
rolling_7d,21,0,0.0,20279,1139,531,0.05616647763696435,0.466198419666374
rolling_7d,21,0,1.0,2088,1214,731,0.5814176245210728,0.6021416803953872
rolling_7d,21,1,0.0,115,4,3,0.034782608695652174,0.75
rolling_7d,21,1,1.0,90,20,8,0.2222222222222222,0.4
rolling_7d,22,0,0.0,21713,1052,572,0.04845023718509649,0.5437262357414449
rolling_7d,22,0,1.0,2499,1480,1059,0.5922368947579032,0.7155405405405405
rolling_7d,22,1,0.0,79,5,3,0.06329113924050633,0.6
rolling_7d,22,1,1.0,67,9,5,0.13432835820895522,0.5555555555555556
rolling_7d,23,0,0.0,12714,612,297,0.04813591316658802,0.4852941176470588
rolling_7d,23,0,1.0,1799,972,707,0.5403001667593107,0.727366255144033
rolling_7d,23,1,0.0,50,3,2,0.06,0.6666666666666666
rolling_7d,23,1,1.0,58,9,6,0.15517241379310345,0.6666666666666666
rolling_7d,24,0,0.0,12128,531,259,0.04378298153034301,0.487758945386064
rolling_7d,24,0,1.0,1371,556,409,0.40554339897884756,0.7356115107913669
rolling_7d,24,1,0.0,21,1,1,0.047619047619047616,1.0
rolling_7d,24,1,1.0,79,20,18,0.25316455696202533,0.9
rolling_7d,25,0,0.0,17889,974,515,0.05444686678964727,0.528747433264887
rolling_7d,25,0,1.0,2162,1215,803,0.5619796484736356,0.6609053497942387
rolling_7d,25,1,0.0,90,18,18,0.2,1.0
rolling_7d,25,1,1.0,90,22,14,0.24444444444444444,0.6363636363636364
rolling_7d,26,0,0.0,13590,523,281,0.03848417954378219,0.5372848948374761
rolling_7d,26,0,1.0,1718,1013,781,0.589639115250291,0.7709772951628825
rolling_7d,26,1,0.0,47,4,3,0.0851063829787234,0.75
rolling_7d,26,1,1.0,44,7,5,0.1590909090909091,0.7142857142857143
rolling_7d,27,0,0.0,13397,744,431,0.05553482122863328,0.5793010752688172
rolling_7d,27,0,1.0,1988,1031,817,0.5186116700201208,0.7924345295829291
rolling_7d,27,1,0.0,28,4,4,0.14285714285714285,1.0
rolling_7d,27,1,1.0,66,10,8,0.15151515151515152,0.8
rolling_7d,28,0,0.0,20380,1037,497,0.05088321884200196,0.4792671166827387
rolling_7d,28,0,1.0,2920,1548,1163,0.5301369863013699,0.7512919896640827
rolling_7d,28,1,0.0,84,11,10,0.13095238095238096,0.9090909090909091
rolling_7d,28,1,1.0,120,24,22,0.2,0.9166666666666666
rolling_7d,29,0,0.0,21695,1360,640,0.06268725512790965,0.47058823529411764
rolling_7d,29,0,1.0,3285,1808,1270,0.5503805175038051,0.702433628318584
rolling_7d,29,1,0.0,96,8,5,0.08333333333333333,0.625
rolling_7d,29,1,1.0,164,17,14,0.10365853658536585,0.8235294117647058
rolling_7d,30,0,0.0,17756,684,398,0.038522189682360895,0.5818713450292398
rolling_7d,30,0,1.0,2111,1094,869,0.5182378019895784,0.7943327239488117
rolling_7d,30,1,0.0,49,1,1,0.02040816326530612,1.0
rolling_7d,30,1,1.0,72,8,8,0.1111111111111111,1.0
rolling_7d,31,0,0.0,12194,557,313,0.0456782023946203,0.5619389587073609
rolling_7d,31,0,1.0,2182,854,669,0.3913840513290559,0.7833723653395784
rolling_7d,31,1,0.0,36,2,2,0.05555555555555555,1.0
rolling_7d,31,1,1.0,93,19,15,0.20430107526881722,0.7894736842105263
rolling_7d,32,0,0.0,14350,617,315,0.04299651567944251,0.5105348460291734
rolling_7d,32,0,1.0,1759,784,537,0.4457077885162024,0.6849489795918368
rolling_7d,32,1,0.0,38,5,4,0.13157894736842105,0.8
rolling_7d,32,1,1.0,97,18,18,0.18556701030927836,1.0
rolling_7d,33,0,0.0,18287,838,355,0.04582490293651228,0.4236276849642005
rolling_7d,33,0,1.0,2359,1314,895,0.5570156846121238,0.6811263318112634
rolling_7d,33,1,0.0,43,8,7,0.18604651162790697,0.875
rolling_7d,33,1,1.0,85,12,8,0.1411764705882353,0.6666666666666666
rolling_7d,34,0,0.0,23580,1068,605,0.04529262086513995,0.5664794007490637
rolling_7d,34,0,1.0,2886,1453,1002,0.5034650034650034,0.6896077081899519
rolling_7d,34,1,0.0,95,7,7,0.07368421052631578,1.0
rolling_7d,34,1,1.0,198,70,64,0.35353535353535354,0.9142857142857143
rolling_7d,35,0,0.0,11609,553,318,0.04763545525023689,0.5750452079566004
rolling_7d,35,0,1.0,1904,694,534,0.3644957983193277,0.7694524495677233
rolling_7d,35,1,0.0,34,2,0,0.058823529411764705,0.0
rolling_7d,35,1,1.0,104,28,20,0.2692307692307692,0.7142857142857143
rolling_7d,36,0,0.0,18749,926,456,0.049389300762707346,0.4924406047516199
rolling_7d,36,0,1.0,2363,1185,829,0.501481168006771,0.69957805907173
rolling_7d,36,1,0.0,85,6,6,0.07058823529411765,1.0
rolling_7d,36,1,1.0,116,30,25,0.25862068965517243,0.8333333333333334
rolling_7d,37,0,0.0,15008,1092,386,0.07276119402985075,0.3534798534798535
rolling_7d,37,0,1.0,2169,1054,783,0.4859382203780544,0.7428842504743833
rolling_7d,37,1,0.0,53,1,1,0.018867924528301886,1.0
rolling_7d,37,1,1.0,76,12,9,0.15789473684210525,0.75
rolling_7d,38,0,0.0,17593,779,411,0.04427897459216734,0.527599486521181
rolling_7d,38,0,1.0,1855,963,724,0.5191374663072776,0.7518172377985463
rolling_7d,38,1,0.0,50,2,2,0.04,1.0
rolling_7d,38,1,1.0,55,6,5,0.10909090909090909,0.8333333333333334
rolling_7d,39,0,0.0,14864,490,259,0.032965554359526375,0.5285714285714286
rolling_7d,39,0,1.0,1794,921,679,0.5133779264214047,0.7372421281216069
rolling_7d,39,1,0.0,32,0,0,0.0,
rolling_7d,39,1,1.0,58,17,15,0.29310344827586204,0.8823529411764706
rolling_7d,40,0,0.0,13158,534,290,0.040583675330597355,0.5430711610486891
rolling_7d,40,0,1.0,1418,629,474,0.44358251057827924,0.753577106518283
rolling_7d,40,1,0.0,47,3,1,0.06382978723404255,0.3333333333333333
rolling_7d,40,1,1.0,65,7,6,0.1076923076923077,0.8571428571428571
rolling_7d,41,0,0.0,28047,1245,630,0.04438977430741256,0.5060240963855421
rolling_7d,41,0,1.0,3767,1987,1421,0.5274754446509159,0.7151484650226472
rolling_7d,41,1,0.0,86,2,2,0.023255813953488372,1.0
rolling_7d,41,1,1.0,192,36,33,0.1875,0.9166666666666666
rolling_7d,42,0,0.0,13581,1496,397,0.1101538914660187,0.26537433155080214
rolling_7d,42,0,1.0,1895,718,554,0.37889182058047494,0.7715877437325905
rolling_7d,42,1,0.0,50,1,1,0.02,1.0
rolling_7d,42,1,1.0,88,11,10,0.125,0.9090909090909091
rolling_7d,43,0,0.0,19799,850,440,0.04293146118490833,0.5176470588235295
rolling_7d,43,0,1.0,2622,1295,987,0.4938977879481312,0.7621621621621621
rolling_7d,43,1,0.0,41,4,3,0.0975609756097561,0.75
rolling_7d,43,1,1.0,106,20,18,0.18867924528301888,0.9
rolling_7d,44,0,0.0,12040,630,287,0.05232558139534884,0.45555555555555555
rolling_7d,44,0,1.0,1452,528,367,0.36363636363636365,0.6950757575757576
rolling_7d,44,1,0.0,38,1,1,0.02631578947368421,1.0
rolling_7d,44,1,1.0,84,7,6,0.08333333333333333,0.8571428571428571
rolling_7d,45,0,0.0,15925,1016,484,0.06379905808477238,0.4763779527559055
rolling_7d,45,0,1.0,2113,1095,762,0.518220539517274,0.6958904109589041
rolling_7d,45,1,0.0,49,2,2,0.04081632653061224,1.0
rolling_7d,45,1,1.0,94,13,11,0.13829787234042554,0.8461538461538461
rolling_7d,46,0,0.0,15928,1287,387,0.08080110497237569,0.3006993006993007
rolling_7d,46,0,1.0,1927,882,735,0.4577062791904515,0.8333333333333334
rolling_7d,46,1,0.0,54,0,0,0.0,
rolling_7d,46,1,1.0,87,12,7,0.13793103448275862,0.5833333333333334
rolling_7d,47,0,0.0,14754,550,270,0.0372780262979531,0.4909090909090909
rolling_7d,47,0,1.0,1726,821,642,0.4756662804171495,0.781973203410475
rolling_7d,47,1,0.0,61,8,7,0.13114754098360656,0.875
rolling_7d,47,1,1.0,83,15,12,0.18072289156626506,0.8
rolling_7d,48,0,0.0,14451,530,252,0.03667566258390423,0.47547169811320755
rolling_7d,48,0,1.0,1437,640,440,0.4453723034098817,0.6875
rolling_7d,48,1,0.0,26,0,0,0.0,
rolling_7d,48,1,1.0,50,6,3,0.12,0.5
rolling_7d,49,0,0.0,17477,962,485,0.05504377181438462,0.5041580041580042
rolling_7d,49,0,1.0,2082,1095,741,0.5259365994236311,0.6767123287671233
rolling_7d,49,1,0.0,56,5,2,0.08928571428571429,0.4
rolling_7d,49,1,1.0,74,9,5,0.12162162162162163,0.5555555555555556
rolling_7d,50,0,0.0,10741,558,319,0.05195047016106508,0.5716845878136201
rolling_7d,50,0,1.0,1234,512,419,0.41491085899513774,0.818359375
rolling_7d,50,1,0.0,24,3,2,0.125,0.6666666666666666
rolling_7d,50,1,1.0,36,4,3,0.1111111111111111,0.75
rolling_7d,51,0,0.0,9837,498,262,0.05062519060689234,0.5261044176706827
rolling_7d,51,0,1.0,1226,363,302,0.29608482871125613,0.8319559228650137
rolling_7d,51,1,0.0,28,0,0,0.0,
rolling_7d,51,1,1.0,68,9,7,0.1323529411764706,0.7777777777777778
rolling_7d,52,0,0.0,13119,443,256,0.03376781766902965,0.5778781038374717
rolling_7d,52,0,1.0,1789,815,660,0.45556176634991613,0.8098159509202454
rolling_7d,52,1,0.0,41,0,0,0.0,
rolling_7d,52,1,1.0,68,12,11,0.17647058823529413,0.9166666666666666
rolling_7d,53,0,0.0,13608,754,439,0.055408583186360966,0.5822281167108754
rolling_7d,53,0,1.0,1831,829,630,0.4527580557072638,0.7599517490952955
rolling_7d,53,1,0.0,37,3,3,0.08108108108108109,1.0
rolling_7d,53,1,1.0,104,21,17,0.20192307692307693,0.8095238095238095
rolling_7d,54,0,0.0,15182,697,299,0.04590962982479252,0.42898134863701576
rolling_7d,54,0,1.0,2651,1329,1066,0.5013202565069785,0.8021068472535741
rolling_7d,54,1,0.0,46,6,5,0.13043478260869565,0.8333333333333334
rolling_7d,54,1,1.0,137,32,31,0.23357664233576642,0.96875
rolling_7d,55,0,0.0,9812,1292,306,0.13167549938850387,0.23684210526315788
rolling_7d,55,0,1.0,1539,445,387,0.28914879792072773,0.8696629213483146
rolling_7d,55,1,0.0,25,1,1,0.04,1.0
rolling_7d,55,1,1.0,84,16,14,0.19047619047619047,0.875
rolling_7d,56,0,0.0,26998,1926,1034,0.07133861767538337,0.5368639667705088
rolling_7d,56,0,1.0,4280,2050,1449,0.47897196261682246,0.7068292682926829
rolling_7d,56,1,0.0,118,28,25,0.23728813559322035,0.8928571428571429
rolling_7d,56,1,1.0,220,54,50,0.24545454545454545,0.9259259259259259
rolling_7d,57,0,0.0,8245,656,279,0.07956337174044875,0.4253048780487805
rolling_7d,57,0,1.0,1351,382,330,0.28275351591413767,0.8638743455497382
rolling_7d,57,1,0.0,19,1,1,0.05263157894736842,1.0
rolling_7d,57,1,1.0,78,11,10,0.14102564102564102,0.9090909090909091
rolling_7d,58,0,0.0,20563,1002,558,0.04872829840003891,0.5568862275449101
rolling_7d,58,0,1.0,3346,1530,1106,0.4572624028690974,0.722875816993464
rolling_7d,58,1,0.0,85,13,13,0.15294117647058825,1.0
rolling_7d,58,1,1.0,204,43,33,0.2107843137254902,0.7674418604651163
rolling_7d,59,0,0.0,10027,409,195,0.04078986735813304,0.4767726161369193
rolling_7d,59,0,1.0,1720,594,453,0.3453488372093023,0.7626262626262627
rolling_7d,59,1,0.0,31,1,1,0.03225806451612903,1.0
rolling_7d,59,1,1.0,66,11,8,0.16666666666666666,0.7272727272727273
rolling_7d,60,0,0.0,19805,1104,589,0.05574349911638475,0.5335144927536232
rolling_7d,60,0,1.0,4302,2146,1551,0.498837749883775,0.722739981360671
rolling_7d,60,1,0.0,91,8,7,0.08791208791208792,0.875
rolling_7d,60,1,1.0,253,52,47,0.20553359683794467,0.9038461538461539
rolling_7d,61,0,0.0,23663,1541,674,0.0651227654988801,0.4373783257624919
rolling_7d,61,0,1.0,3155,1572,1067,0.498256735340729,0.6787531806615776
rolling_7d,61,1,0.0,81,4,3,0.04938271604938271,0.75
rolling_7d,61,1,1.0,165,44,40,0.26666666666666666,0.9090909090909091
rolling_7d,62,0,0.0,7459,490,244,0.06569245207132324,0.49795918367346936
rolling_7d,62,0,1.0,1062,324,281,0.3050847457627119,0.8672839506172839
rolling_7d,62,1,0.0,17,0,0,0.0,
rolling_7d,62,1,1.0,53,5,5,0.09433962264150944,1.0
rolling_7d,63,0,0.0,13158,979,586,0.07440340477276182,0.5985699693564862
rolling_7d,63,0,1.0,2035,841,614,0.41326781326781326,0.7300832342449465
rolling_7d,63,1,0.0,62,7,5,0.11290322580645161,0.7142857142857143
rolling_7d,63,1,1.0,80,7,5,0.0875,0.7142857142857143
rolling_7d,64,0,0.0,17134,877,490,0.05118477880238123,0.5587229190421893
rolling_7d,64,0,1.0,2171,1009,717,0.4647627821280516,0.7106045589692765
rolling_7d,64,1,0.0,56,4,4,0.07142857142857142,1.0
rolling_7d,64,1,1.0,147,21,18,0.14285714285714285,0.8571428571428571
rolling_7d,65,0,0.0,11797,590,317,0.050012715097058576,0.5372881355932203
rolling_7d,65,0,1.0,1365,514,376,0.37655677655677655,0.7315175097276264
rolling_7d,65,1,0.0,28,0,0,0.0,
rolling_7d,65,1,1.0,93,12,8,0.12903225806451613,0.6666666666666666
rolling_7d,66,0,0.0,7667,536,331,0.06991000391287336,0.6175373134328358
rolling_7d,66,0,1.0,1043,297,227,0.28475551294343243,0.7643097643097643
rolling_7d,66,1,0.0,16,2,2,0.125,1.0
rolling_7d,66,1,1.0,46,6,6,0.13043478260869565,1.0
rolling_7d,67,0,0.0,14145,621,332,0.04390243902439024,0.534621578099839
rolling_7d,67,0,1.0,2188,1050,804,0.47989031078610606,0.7657142857142857
rolling_7d,67,1,0.0,49,3,2,0.061224489795918366,0.6666666666666666
rolling_7d,67,1,1.0,100,22,18,0.22,0.8181818181818182
rolling_7d,68,0,0.0,9898,866,242,0.08749242271165893,0.279445727482679
rolling_7d,68,0,1.0,1549,610,498,0.3938024531956101,0.8163934426229508
rolling_7d,68,1,0.0,23,2,2,0.08695652173913043,1.0
rolling_7d,68,1,1.0,83,8,8,0.0963855421686747,1.0
rolling_7d,69,0,0.0,18352,958,500,0.052201394943330426,0.5219206680584552
rolling_7d,69,0,1.0,2735,1332,969,0.4870201096892139,0.7274774774774775
rolling_7d,69,1,0.0,88,1,0,0.011363636363636364,0.0
rolling_7d,69,1,1.0,135,23,16,0.17037037037037037,0.6956521739130435
rolling_7d,70,0,0.0,9012,457,220,0.05071016422547714,0.4814004376367615
rolling_7d,70,0,1.0,1432,665,559,0.4643854748603352,0.8406015037593985
rolling_7d,70,1,0.0,20,1,1,0.05,1.0
rolling_7d,70,1,1.0,52,8,7,0.15384615384615385,0.875
rolling_7d,71,0,0.0,10501,491,278,0.0467574516712694,0.5661914460285132
rolling_7d,71,0,1.0,1427,469,336,0.3286615276804485,0.7164179104477612
rolling_7d,71,1,0.0,23,0,0,0.0,
rolling_7d,71,1,1.0,58,12,11,0.20689655172413793,0.9166666666666666
rolling_7d,72,0,0.0,11265,1609,249,0.1428317798490901,0.15475450590428838
rolling_7d,72,0,1.0,1708,588,479,0.3442622950819672,0.814625850340136
rolling_7d,72,1,0.0,21,1,1,0.047619047619047616,1.0
rolling_7d,72,1,1.0,86,9,6,0.10465116279069768,0.6666666666666666
rolling_7d,73,0,0.0,17166,900,506,0.052429220552254456,0.5622222222222222
rolling_7d,73,0,1.0,2128,1320,910,0.6203007518796992,0.6893939393939394
rolling_7d,73,1,0.0,35,3,3,0.08571428571428572,1.0
rolling_7d,73,1,1.0,113,12,10,0.10619469026548672,0.8333333333333334
rolling_7d,74,0,0.0,29615,1646,666,0.0555799425966571,0.4046172539489672
rolling_7d,74,0,1.0,3750,2388,1602,0.6368,0.6708542713567839
rolling_7d,74,1,0.0,101,9,7,0.0891089108910891,0.7777777777777778
rolling_7d,74,1,1.0,158,16,11,0.10126582278481013,0.6875
rolling_7d,75,0,0.0,16755,899,516,0.05365562518651149,0.5739710789766407
rolling_7d,75,0,1.0,1850,1043,756,0.5637837837837838,0.7248322147651006
rolling_7d,75,1,0.0,66,5,5,0.07575757575757576,1.0
rolling_7d,75,1,1.0,102,16,12,0.1568627450980392,0.75
rolling_7d,76,0,0.0,18194,862,517,0.047378256568099374,0.5997679814385151
rolling_7d,76,0,1.0,2214,1215,780,0.5487804878048781,0.6419753086419753
rolling_7d,76,1,0.0,53,5,1,0.09433962264150944,0.2
rolling_7d,76,1,1.0,88,11,6,0.125,0.5454545454545454
rolling_7d,77,0,0.0,19494,1137,530,0.05832563865804863,0.46613896218117856
rolling_7d,77,0,1.0,2343,1377,962,0.587708066581306,0.6986201888162672
rolling_7d,77,1,0.0,61,4,4,0.06557377049180328,1.0
rolling_7d,77,1,1.0,123,21,17,0.17073170731707318,0.8095238095238095
rolling_7d,78,0,0.0,19088,1095,533,0.05736588432523051,0.4867579908675799
rolling_7d,78,0,1.0,2355,1250,1008,0.5307855626326964,0.8064
rolling_7d,78,1,0.0,66,4,4,0.06060606060606061,1.0
rolling_7d,78,1,1.0,92,15,9,0.16304347826086957,0.6
rolling_7d,79,0,0.0,16360,655,386,0.040036674816625914,0.5893129770992367
rolling_7d,79,0,1.0,1963,1094,773,0.5573102394294447,0.706581352833638
rolling_7d,79,1,0.0,47,10,9,0.2127659574468085,0.9
rolling_7d,79,1,1.0,90,8,4,0.08888888888888889,0.5
rolling_7d,80,0,0.0,15913,1142,399,0.07176522340224974,0.34938704028021017
rolling_7d,80,0,1.0,1784,1053,717,0.5902466367713004,0.6809116809116809
rolling_7d,80,1,0.0,50,5,4,0.1,0.8
rolling_7d,80,1,1.0,55,8,7,0.14545454545454545,0.875
rolling_7d,81,0,0.0,17975,1004,694,0.05585535465924896,0.6912350597609562
rolling_7d,81,0,1.0,2242,1454,980,0.648528099910794,0.6740027510316369
rolling_7d,81,1,0.0,57,14,12,0.24561403508771928,0.8571428571428571
rolling_7d,81,1,1.0,70,11,9,0.15714285714285714,0.8181818181818182
rolling_7d,82,0,0.0,15322,609,290,0.03974676935125963,0.47619047619047616
rolling_7d,82,0,1.0,1815,954,712,0.5256198347107438,0.7463312368972747
rolling_7d,82,1,0.0,42,2,1,0.047619047619047616,0.5
rolling_7d,82,1,1.0,80,14,11,0.175,0.7857142857142857
rolling_7d,83,0,0.0,16707,923,340,0.05524630394445442,0.36836403033586135
rolling_7d,83,0,1.0,2099,1201,931,0.5721772272510719,0.7751873438800999
rolling_7d,83,1,0.0,48,1,1,0.020833333333333332,1.0
rolling_7d,83,1,1.0,96,14,12,0.14583333333333334,0.8571428571428571
rolling_7d,84,0,0.0,21938,1981,383,0.09029993618379069,0.193336698637052
rolling_7d,84,0,1.0,2578,1414,1011,0.5484871993793639,0.714992927864215
rolling_7d,84,1,0.0,75,11,9,0.14666666666666667,0.8181818181818182
rolling_7d,84,1,1.0,106,17,13,0.16037735849056603,0.7647058823529411
rolling_7d,85,0,0.0,13771,513,304,0.03725219664512381,0.5925925925925926
rolling_7d,85,0,1.0,1925,1039,762,0.5397402597402597,0.7333974975938402
rolling_7d,85,1,0.0,50,3,1,0.06,0.3333333333333333
rolling_7d,85,1,1.0,80,9,8,0.1125,0.8888888888888888
rolling_7d,86,0,0.0,16360,926,406,0.05660146699266504,0.43844492440604754
rolling_7d,86,0,1.0,2211,1202,841,0.5436454093170511,0.699667221297837
rolling_7d,86,1,0.0,52,2,1,0.038461538461538464,0.5
rolling_7d,86,1,1.0,81,12,9,0.14814814814814814,0.75
rolling_7d,87,0,0.0,31820,6211,586,0.19519170333123823,0.09434873611334729
rolling_7d,87,0,1.0,4455,2140,1607,0.48035914702581367,0.7509345794392523
rolling_7d,87,1,0.0,109,11,9,0.10091743119266056,0.8181818181818182
rolling_7d,87,1,1.0,118,16,14,0.13559322033898305,0.875
rolling_7d,88,0,0.0,13875,462,213,0.033297297297297294,0.461038961038961
rolling_7d,88,0,1.0,1822,838,617,0.45993413830954993,0.7362768496420048
rolling_7d,88,1,0.0,40,0,0,0.0,
rolling_7d,88,1,1.0,61,13,7,0.21311475409836064,0.5384615384615384
rolling_7d,89,0,0.0,20871,1063,562,0.050931915097503715,0.528692380056444
rolling_7d,89,0,1.0,2759,1243,884,0.45052555273649875,0.7111826226870475
rolling_7d,89,1,0.0,73,4,3,0.0547945205479452,0.75
rolling_7d,89,1,1.0,144,17,16,0.11805555555555555,0.9411764705882353
rolling_7d,90,0,0.0,16801,2115,318,0.12588536396643057,0.150354609929078
rolling_7d,90,0,1.0,2131,994,806,0.4664476771468794,0.8108651911468813
rolling_7d,90,1,0.0,53,1,1,0.018867924528301886,1.0
rolling_7d,90,1,1.0,79,10,8,0.12658227848101267,0.8
rolling_7d,91,0,0.0,26712,2394,497,0.08962264150943396,0.20760233918128654
rolling_7d,91,0,1.0,3746,1973,1485,0.5266951414842499,0.7526609224531171
rolling_7d,91,1,0.0,84,7,6,0.08333333333333333,0.8571428571428571
rolling_7d,91,1,1.0,102,18,14,0.17647058823529413,0.7777777777777778
rolling_7d,92,0,0.0,24573,1256,706,0.05111301021446303,0.5621019108280255
rolling_7d,92,0,1.0,3900,2195,1744,0.5628205128205128,0.7945330296127563
rolling_7d,92,1,0.0,86,6,4,0.06976744186046512,0.6666666666666666
rolling_7d,92,1,1.0,151,39,28,0.2582781456953642,0.717948717948718
rolling_7d,93,0,0.0,25083,1256,452,0.05007375513295858,0.35987261146496813
rolling_7d,93,0,1.0,3480,1987,1473,0.5709770114942528,0.7413185707096125
rolling_7d,93,1,0.0,95,5,4,0.05263157894736842,0.8
rolling_7d,93,1,1.0,129,29,23,0.2248062015503876,0.7931034482758621
rolling_7d,94,0,0.0,21325,1345,663,0.0630715123094959,0.4929368029739777
rolling_7d,94,0,1.0,3038,1461,1089,0.4809084924292298,0.7453798767967146
rolling_7d,94,1,0.0,68,5,4,0.07352941176470588,0.8
rolling_7d,94,1,1.0,153,19,12,0.12418300653594772,0.631578947368421
rolling_7d,95,0,0.0,21994,2186,496,0.09939074292988997,0.22689844464775846
rolling_7d,95,0,1.0,3042,1444,1184,0.4746877054569362,0.8199445983379502
rolling_7d,95,1,0.0,96,3,3,0.03125,1.0
rolling_7d,95,1,1.0,109,15,12,0.13761467889908258,0.8
rolling_7d,96,0,0.0,18637,1079,581,0.05789558405322745,0.5384615384615384
rolling_7d,96,0,1.0,2548,1288,965,0.5054945054945055,0.7492236024844721
rolling_7d,96,1,0.0,100,8,7,0.08,0.875
rolling_7d,96,1,1.0,103,16,13,0.1553398058252427,0.8125
rolling_7d,97,0,0.0,32816,2257,712,0.06877742564602633,0.31546300398759414
rolling_7d,97,0,1.0,4613,2439,1886,0.5287231736397139,0.7732677326773267
rolling_7d,97,1,0.0,148,9,6,0.060810810810810814,0.6666666666666666
rolling_7d,97,1,1.0,148,27,24,0.18243243243243243,0.8888888888888888
rolling_7d,98,0,0.0,28088,2791,697,0.09936627741384221,0.2497312791114296
rolling_7d,98,0,1.0,4353,2323,1900,0.5336549506087755,0.8179078777442962
rolling_7d,98,1,0.0,118,3,3,0.025423728813559324,1.0
rolling_7d,98,1,1.0,158,32,30,0.20253164556962025,0.9375
rolling_7d,99,0,0.0,38762,3790,989,0.09777617254011661,0.26094986807387865
rolling_7d,99,0,1.0,5748,2822,2191,0.4909533750869868,0.7763997165131112
rolling_7d,99,1,0.0,137,11,10,0.08029197080291971,0.9090909090909091
rolling_7d,99,1,1.0,188,40,33,0.2127659574468085,0.825
rolling_7d,100,0,0.0,26914,3184,760,0.11830274206732555,0.23869346733668342
rolling_7d,100,0,1.0,3538,1677,1335,0.4739966082532504,0.7960644007155635
rolling_7d,100,1,0.0,155,7,4,0.04516129032258064,0.5714285714285714
rolling_7d,100,1,1.0,141,24,18,0.1702127659574468,0.75
rolling_7d,101,0,0.0,28405,2205,831,0.07762717831367717,0.3768707482993197
rolling_7d,101,0,1.0,4899,2467,1981,0.5035721575831802,0.8029995946493718
rolling_7d,101,1,0.0,164,18,12,0.10975609756097561,0.6666666666666666
rolling_7d,101,1,1.0,142,37,35,0.2605633802816901,0.9459459459459459
rolling_7d,102,0,0.0,24646,1815,725,0.0736427817901485,0.39944903581267216
rolling_7d,102,0,1.0,3851,1820,1512,0.4726045183069333,0.8307692307692308
rolling_7d,102,1,0.0,109,18,16,0.1651376146788991,0.8888888888888888
rolling_7d,102,1,1.0,85,10,9,0.11764705882352941,0.9
rolling_7d,103,0,0.0,13121,1080,498,0.08231079948174681,0.46111111111111114
rolling_7d,103,0,1.0,3278,1334,1189,0.4069554606467358,0.8913043478260869
rolling_7d,103,1,0.0,93,6,6,0.06451612903225806,1.0
rolling_7d,103,1,1.0,50,5,4,0.1,0.8
rolling_7d,104,0,0.0,19682,1701,944,0.08642414388781627,0.5549676660787772
rolling_7d,104,0,1.0,4279,2082,1958,0.4865622809067539,0.9404418828049952
rolling_7d,104,1,0.0,134,13,11,0.09701492537313433,0.8461538461538461
rolling_7d,104,1,1.0,97,21,21,0.21649484536082475,1.0
