market_id,market_subtype,trade_count,volume_usdc,first_trade_time,last_trade_time,yes_outcome_won,event_id,stage,market_role,median_baseline_price,mean_baseline_price,sample_minutes,sample_gross_volume_usdc,median_minutes_to_kickoff,expanding_included,rolling7_included
1897034,Match winner,38310,6544657.899066478,2026-06-01 00:00:16.000 UTC,2026-06-11 23:32:33.000 UTC,1.0,1,Group stage,home_win,0.685,0.6886673948661933,7324,3286035.4561074143,4452.5,1,1
1897035,Match draw,5542,355107.0220159937,2026-06-01 02:54:52.000 UTC,2026-06-11 23:06:52.000 UTC,0.0,1,Group stage,draw,0.205,0.20553648068669528,1864,200910.32039955686,1538.5,1,1
1897036,Match winner,9387,1155067.9671009812,2026-06-01 00:00:51.000 UTC,2026-06-11 23:07:00.000 UTC,0.0,1,Group stage,away_win,0.105,0.10583450210378681,2852,622520.2279341096,2272.5,1,1
1897037,Match winner,33875,6015805.916145123,2026-06-01 00:03:24.000 UTC,2026-06-12 06:23:34.000 UTC,1.0,2,Group stage,home_win,0.365,0.363045,4000,2164371.1050948733,2582.5,1,1
1897038,Match draw,10434,826707.1062269866,2026-06-01 00:11:42.000 UTC,2026-06-12 05:58:22.000 UTC,0.0,2,Group stage,draw,0.315,0.31397746478873245,1775,233996.06442794143,1151.0,1,1
1897039,Match winner,10758,994577.7620769812,2026-06-01 01:01:58.000 UTC,2026-06-12 05:58:30.000 UTC,0.0,2,Group stage,away_win,0.335,0.32913667425968113,2195,439665.42993362725,1466.0,1,1
1897040,Match winner,35493,5621547.95746057,2026-06-01 00:33:17.000 UTC,2026-06-12 22:59:06.000 UTC,0.0,3,Group stage,home_win,0.535,0.5315968750000001,3200,3173290.4973749863,1860.0,1,1
1897041,Match draw,10722,999554.8682729756,2026-06-01 01:24:41.000 UTC,2026-06-12 23:25:39.000 UTC,1.0,3,Group stage,draw,0.275,0.27074548192771086,1328,169371.9827152704,713.5,0,0
1897042,Match winner,16429,2561290.5694041355,2026-06-01 01:07:27.000 UTC,2026-06-12 22:54:51.000 UTC,0.0,3,Group stage,away_win,0.205,0.20297004132231405,1936,685339.8579886642,1206.5,1,1
1897043,Match winner,52047,15612246.530931696,2026-06-01 00:16:01.000 UTC,2026-06-13 05:49:45.000 UTC,1.0,4,Group stage,home_win,0.495,0.48658680704770085,4654,9217714.371394163,2821.0,1,1
1897044,Match draw,6550,1765877.832040992,2026-06-01 02:16:32.000 UTC,2026-06-13 05:04:07.000 UTC,0.0,4,Group stage,draw,0.295,0.28803039158386906,1711,1365297.98679059,995.0,1,1
1897045,Match winner,10851,1934345.6175379732,2026-06-01 00:44:35.000 UTC,2026-06-13 05:04:10.000 UTC,0.0,4,Group stage,away_win,0.235,0.23361535594483784,2683,1064843.3001366179,1500.0,1,1
1897046,Match winner,11236,1645126.5875589666,2026-06-01 02:49:40.000 UTC,2026-06-13 22:58:06.000 UTC,0.0,5,Group stage,home_win,0.0615,0.06152849740932642,2702,961322.3184443916,1716.5,1,1
1897047,Match draw,7188,959899.0551749844,2026-06-01 02:28:26.000 UTC,2026-06-13 23:33:24.000 UTC,1.0,5,Group stage,draw,0.135,0.1339217081850534,1405,172868.08501660445,865.0,0,0
1897048,Match winner,20792,4408081.431157366,2026-06-01 00:20:43.000 UTC,2026-06-13 23:07:01.000 UTC,0.0,5,Group stage,away_win,0.805,0.8055738447598914,3311,2504337.8979403754,1883.0,1,1
1897049,Match winner,47492,7580884.478509896,2026-06-01 00:03:32.000 UTC,2026-06-14 02:05:21.000 UTC,0.0,6,Group stage,home_win,0.585,0.5885109770403888,5967,3178257.8489139997,3267.0,1,1
1897050,Match draw,13466,2359898.4522960815,2026-06-01 04:13:35.000 UTC,2026-06-14 02:33:00.000 UTC,1.0,6,Group stage,draw,0.255,0.25026771653543306,1905,596532.3412910927,1048.0,0,0
1897051,Match winner,21804,2085014.9787219365,2026-06-01 00:01:09.000 UTC,2026-06-14 02:00:40.000 UTC,0.0,6,Group stage,away_win,0.175,0.16968218442256044,3351,706719.6262490659,2046.0,1,1
1897052,Match winner,7039,1636757.465347975,2026-06-01 00:01:16.000 UTC,2026-06-14 05:03:57.000 UTC,0.0,7,Group stage,home_win,0.155,0.15385822784810127,1975,1009950.5604059742,2093.0,1,1
1897053,Match draw,5582,684776.2128639867,2026-06-01 04:13:56.000 UTC,2026-06-14 04:50:57.000 UTC,0.0,7,Group stage,draw,0.215,0.21453551912568306,915,446721.21349723154,812.0,1,1
1897054,Match winner,31266,9858720.15827661,2026-06-01 00:03:34.000 UTC,2026-06-14 05:33:37.000 UTC,1.0,7,Group stage,away_win,0.625,0.6330460624071322,4711,5758765.281899475,2934.0,1,1
1897055,Match winner,13329,2075356.163567956,2026-06-01 03:25:47.000 UTC,2026-06-14 08:26:19.000 UTC,1.0,8,Group stage,home_win,0.175,0.1793830787309048,1702,251812.1633272441,1373.5,1,1
1897056,Match draw,6682,724267.9721229882,2026-06-01 04:14:17.000 UTC,2026-06-14 07:57:13.000 UTC,0.0,8,Group stage,draw,0.255,0.2557280080889788,989,299525.52578851837,875.0,1,1
1897057,Match winner,21540,7296345.502915272,2026-06-01 02:38:48.000 UTC,2026-06-14 07:57:09.000 UTC,0.0,8,Group stage,away_win,0.565,0.5666929698708751,3485,5800903.224716049,2430.0,1,1
1897058,Match winner,20609,3993738.987046329,2026-06-01 00:22:26.000 UTC,2026-06-14 21:30:25.000 UTC,1.0,9,Group stage,home_win,0.9395,0.9396507270693512,3576,1807988.072116734,2532.0,1,1
1897059,Match draw,14783,1842457.4276429808,2026-06-01 03:16:43.000 UTC,2026-06-14 20:58:13.000 UTC,0.0,9,Group stage,draw,0.04,0.040619639376218326,2052,1261327.8990779277,1181.0,1,1
1897060,Match winner,24144,5052997.829247994,2026-06-01 08:13:41.000 UTC,2026-06-14 21:01:01.000 UTC,0.0,9,Group stage,away_win,0.0225,0.022300032020493115,3123,3684066.31032974,2459.0,1,1
1897061,Match winner,35996,10443641.510217242,2026-06-01 00:13:34.000 UTC,2026-06-15 00:21:37.000 UTC,0.0,10,Group stage,home_win,0.475,0.4761286437003132,4151,6833782.674839978,3150.0,1,1
1897062,Match draw,15710,1485792.9345669511,2026-06-01 04:15:13.000 UTC,2026-06-15 00:29:42.000 UTC,1.0,10,Group stage,draw,0.275,0.27005506607929514,1816,200293.64877277374,942.5,0,0
1897063,Match winner,20682,2231541.360790021,2026-06-01 01:24:02.000 UTC,2026-06-15 00:06:37.000 UTC,0.0,10,Group stage,away_win,0.255,0.2579951298701299,3696,1073336.6181830708,2765.5,1,1
1897064,Match winner,14748,2856644.6303731543,2026-06-01 05:05:04.000 UTC,2026-06-15 03:31:43.000 UTC,1.0,11,Group stage,home_win,0.285,0.280375,2000,1290973.6702895688,1131.5,1,1
1897065,Match draw,9607,1102310.7080179737,2026-06-01 04:15:36.000 UTC,2026-06-15 03:04:55.000 UTC,0.0,11,Group stage,draw,0.335,0.33324585635359116,1448,249343.74383596462,865.5,0,0
1897066,Match winner,22292,3322495.529216345,2026-06-01 00:14:20.000 UTC,2026-06-15 03:06:39.000 UTC,0.0,11,Group stage,away_win,0.395,0.3887360523278184,2599,1732840.5998661066,1692.0,1,1
1897067,Match winner,27955,10185845.5694595,2026-06-01 00:00:46.000 UTC,2026-06-15 06:26:42.000 UTC,1.0,12,Group stage,home_win,0.505,0.5053590604026845,2980,7397088.5229408825,1967.5,1,1
1897068,Match draw,5903,400994.86845099786,2026-06-01 02:13:44.000 UTC,2026-06-15 05:56:28.000 UTC,0.0,12,Group stage,draw,0.285,0.2812700661000944,1059,96371.03652385609,767.0,1,1
1897069,Match winner,6215,936220.740674988,2026-06-01 02:13:36.000 UTC,2026-06-15 05:57:37.000 UTC,0.0,12,Group stage,away_win,0.215,0.2151338582677165,1270,460208.14935680205,935.5,1,1
1897070,Match winner,32308,10629010.627203034,2026-06-01 01:57:47.000 UTC,2026-06-15 19:58:28.000 UTC,0.0,13,Group stage,home_win,0.905,0.9069118892968088,3541,4874646.849897848,2194.0,1,1
1897071,Match draw,17258,2271910.4249150106,2026-06-01 03:41:09.000 UTC,2026-06-15 20:25:16.000 UTC,1.0,13,Group stage,draw,0.0655,0.06505143229166667,1536,546858.2627543443,968.5,1,1
1897072,Match winner,13312,1907011.0110409723,2026-06-01 06:07:52.000 UTC,2026-06-15 19:58:34.000 UTC,0.0,13,Group stage,away_win,0.0295,0.029278309008555613,1987,1051900.2084738358,1270.0,1,1
1897073,Match winner,31056,18446333.770151313,2026-06-01 01:36:42.000 UTC,2026-06-16 01:52:49.000 UTC,0.0,14,Group stage,home_win,0.605,0.6015432098765432,3888,13023297.814737342,3014.0,1,1
1897074,Match draw,15994,1652920.4710619447,2026-06-01 01:13:04.000 UTC,2026-06-16 08:33:19.000 UTC,1.0,14,Group stage,draw,0.235,0.2386279069767442,1290,268205.42293521116,710.5,1,1
1897075,Match winner,14585,1325484.2222069614,2026-06-01 00:01:35.000 UTC,2026-06-15 22:59:40.000 UTC,0.0,14,Group stage,away_win,0.155,0.160209617755857,1622,469305.78561268735,1013.0,1,1
1897076,Match winner,13824,1842427.435820952,2026-06-01 00:01:49.000 UTC,2026-06-16 02:06:40.000 UTC,0.0,15,Group stage,home_win,0.115,0.11668527918781726,1970,409142.6863990386,1204.0,1,1
1897077,Match draw,12862,2703986.284562044,2026-06-01 15:04:42.000 UTC,2026-06-16 02:06:45.000 UTC,1.0,15,Group stage,draw,0.215,0.2195208655332303,1294,1280382.8310400483,760.5,0,0
1897078,Match winner,23002,6260885.640073874,2026-06-01 01:59:46.000 UTC,2026-06-16 02:00:07.000 UTC,0.0,15,Group stage,away_win,0.665,0.6673381568926123,3939,3861201.770351631,3650.0,1,1
1897079,Match winner,23849,12699263.68955403,2026-06-01 01:36:59.000 UTC,2026-06-16 03:22:58.000 UTC,0.0,16,Group stage,home_win,0.515,0.5194527177959791,2686,7883483.7311336575,1374.5,1,1
1897080,Match draw,12012,1757596.2031049528,2026-06-01 04:33:46.000 UTC,2026-06-16 03:30:37.000 UTC,1.0,16,Group stage,draw,0.275,0.27902047781569966,1465,439850.35619925335,901.0,1,1
1897081,Match winner,13276,1368540.5722099624,2026-06-01 05:15:22.000 UTC,2026-06-16 03:15:22.000 UTC,0.0,16,Group stage,away_win,0.195,0.2008041958041958,2002,382737.3770223123,1221.5,1,1
1897082,Match winner,49623,12522279.993195096,2026-06-01 00:17:18.000 UTC,2026-06-16 21:31:31.000 UTC,1.0,17,Group stage,home_win,0.665,0.6676812517700368,7062,5132558.308627356,5176.5,1,1
1897083,Match draw,14883,1035565.775981965,2026-06-01 05:15:25.000 UTC,2026-06-16 21:17:49.000 UTC,0.0,17,Group stage,draw,0.215,0.2145566778900112,1782,275014.3771217462,905.5,0,0
1897084,Match winner,12305,1651896.7954769644,2026-06-01 00:01:54.000 UTC,2026-06-16 21:17:44.000 UTC,0.0,17,Group stage,away_win,0.125,0.1261320754716981,2173,701597.6283726811,1272.0,1,1
1897085,Match winner,9873,1085779.615762981,2026-06-01 04:43:41.000 UTC,2026-06-17 00:12:47.000 UTC,0.0,18,Group stage,home_win,0.055,0.059839075249320035,2206,402623.2264138431,1291.0,1,1
1897086,Match draw,10890,650804.5718309785,2026-06-01 05:15:27.000 UTC,2026-06-17 00:12:26.000 UTC,0.0,18,Group stage,draw,0.125,0.12770833333333334,1728,116020.20569524959,919.5,0,0
1897087,Match winner,14334,4122137.443359274,2026-06-01 03:10:05.000 UTC,2026-06-17 00:17:25.000 UTC,1.0,18,Group stage,away_win,0.815,0.8153323391563698,2347,1131860.59575473,1376.0,1,1
1897088,Match winner,33348,11127404.031608803,2026-06-01 00:33:16.000 UTC,2026-06-17 03:27:57.000 UTC,1.0,19,Group stage,home_win,0.705,0.6968817091138707,4751,4446932.0613814,2834.0,1,1
1897089,Match draw,8707,599279.5202789811,2026-06-01 11:34:23.000 UTC,2026-06-17 03:15:45.000 UTC,0.0,19,Group stage,draw,0.205,0.2060710382513661,1830,230530.2483644535,994.5,1,1
1897090,Match winner,7555,1338419.1251029803,2026-06-01 00:37:52.000 UTC,2026-06-17 03:12:45.000 UTC,0.0,19,Group stage,away_win,0.105,0.1060802775024777,2018,291507.6060242322,1296.5,1,1
1897091,Match winner,19194,3551266.2484893543,2026-06-01 00:25:02.000 UTC,2026-06-17 06:27:02.000 UTC,1.0,20,Group stage,home_win,0.715,0.7197128129602356,2037,1038697.4107607562,1287.0,1,1
1897092,Match draw,11570,786273.583382977,2026-06-01 05:15:30.000 UTC,2026-06-17 06:16:29.000 UTC,0.0,20,Group stage,draw,0.175,0.17953831041257365,1527,163009.9217367702,958.0,1,1
1897093,Match winner,9020,1025672.6978969848,2026-06-01 02:41:37.000 UTC,2026-06-17 06:18:14.000 UTC,0.0,20,Group stage,away_win,0.105,0.10304798962386512,1542,277232.83551991964,1307.5,1,1
1897094,Match winner,44210,7927666.413597967,2026-06-01 00:25:18.000 UTC,2026-06-17 19:17:55.000 UTC,0.0,21,Group stage,home_win,0.765,0.762015513733469,3932,2784113.803155843,2787.5,1,1
1897095,Match draw,13873,2617639.878539181,2026-06-01 05:16:58.000 UTC,2026-06-17 19:30:29.000 UTC,1.0,21,Group stage,draw,0.165,0.16813961255845025,1497,325800.8580928338,845.0,0,0
1897096,Match winner,11096,1446302.9433219766,2026-06-01 02:51:03.000 UTC,2026-06-17 19:18:01.000 UTC,0.0,21,Group stage,away_win,0.075,0.07500327439423707,1527,535679.3552998916,1007.0,0,0
1897097,Match winner,29088,9182515.648990918,2026-06-01 00:24:01.000 UTC,2026-06-17 22:31:49.000 UTC,1.0,22,Group stage,home_win,0.565,0.566163631494376,3734,5205471.2674947325,2976.5,1,1
1897098,Match draw,15938,1095224.3953729623,2026-06-01 05:17:00.000 UTC,2026-06-17 22:14:49.000 UTC,0.0,22,Group stage,draw,0.255,0.25474820143884896,2224,353055.7786966973,1287.5,1,1
1897099,Match winner,16714,2654591.174997305,2026-06-01 00:18:30.000 UTC,2026-06-17 22:18:25.000 UTC,0.0,22,Group stage,away_win,0.185,0.1825443563608909,2649,935518.5265233159,2052.0,1,1
1897100,Match winner,20362,6818436.869235829,2026-06-01 05:17:01.000 UTC,2026-06-18 01:25:01.000 UTC,1.0,23,Group stage,home_win,0.425,0.42770218474511307,2609,4590643.468824746,1537.0,1,1
1897101,Match draw,11373,1698673.846639983,2026-06-01 08:25:28.000 UTC,2026-06-18 01:13:59.000 UTC,0.0,23,Group stage,draw,0.295,0.2930517456359102,1604,684661.9355094566,914.5,0,0
1897102,Match winner,11373,1338621.7127959696,2026-06-01 01:37:57.000 UTC,2026-06-18 01:17:55.000 UTC,0.0,23,Group stage,away_win,0.285,0.282708102108768,1802,659182.6176918094,1191.5,1,0
1897103,Match winner,7669,1457906.8298699944,2026-06-01 01:13:06.000 UTC,2026-06-18 04:18:52.000 UTC,0.0,24,Group stage,home_win,0.095,0.09561585365853659,1640,836426.2836500929,1153.5,1,1
1897104,Match draw,8675,682170.2816759899,2026-06-01 05:17:03.000 UTC,2026-06-18 04:14:29.000 UTC,0.0,24,Group stage,draw,0.195,0.19577405857740587,1434,198571.4191360264,960.5,1,1
1897105,Match winner,19046,11290267.675525352,2026-06-01 00:30:14.000 UTC,2026-06-18 04:30:20.000 UTC,1.0,24,Group stage,away_win,0.705,0.7081914460285132,2455,9074134.167909129,1356.0,1,1
1897106,Match winner,37143,12040612.698305828,2026-06-01 02:01:12.000 UTC,2026-06-18 18:12:17.000 UTC,0.0,25,Group stage,home_win,0.545,0.5369565217391304,2714,8537537.32055777,1597.5,1,1
1897107,Match draw,12258,2261711.765673028,2026-06-01 08:51:48.000 UTC,2026-06-18 18:17:43.000 UTC,1.0,25,Group stage,draw,0.265,0.2605758807588076,1476,1077563.169909309,812.5,0,0
1897108,Match winner,8151,1447242.6922609836,2026-06-01 10:56:42.000 UTC,2026-06-18 18:11:14.000 UTC,0.0,25,Group stage,away_win,0.205,0.20538787023977434,1418,435389.0231590956,837.0,0,0
1897109,Match winner,20597,4260206.544844476,2026-06-01 00:24:17.000 UTC,2026-06-18 21:15:10.000 UTC,1.0,26,Group stage,home_win,0.625,0.6209012199921291,2541,1288689.635728849,1635.0,1,1
1897110,Match draw,9660,881058.3310079741,2026-06-01 08:24:53.000 UTC,2026-06-18 21:09:02.000 UTC,0.0,26,Group stage,draw,0.235,0.23408057179987005,1539,255692.82442626348,859.0,0,0
1897111,Match winner,8001,877560.3846019846,2026-06-01 10:05:06.000 UTC,2026-06-18 21:09:04.000 UTC,0.0,26,Group stage,away_win,0.145,0.1489078706528371,1639,376112.7584691163,948.0,0,0
1897112,Match winner,13379,10468045.734508071,2026-06-01 04:38:02.000 UTC,2026-06-19 00:24:07.000 UTC,1.0,27,Group stage,home_win,0.765,0.7575807206364062,2137,7391774.437627648,1129.0,1,1
1897113,Match draw,7239,951818.2232309828,2026-06-01 05:17:05.000 UTC,2026-06-19 00:03:37.000 UTC,0.0,27,Group stage,draw,0.165,0.16646464646464645,1782,286230.9798529277,974.5,0,0
1897114,Match winner,8284,1464438.4931759834,2026-06-01 07:32:58.000 UTC,2026-06-19 00:05:38.000 UTC,0.0,27,Group stage,away_win,0.085,0.08060219780219781,2275,467891.5998829902,1511.0,1,1
1897115,Match winner,33771,6633051.794028434,2026-06-01 01:37:41.000 UTC,2026-06-19 03:16:22.000 UTC,1.0,28,Group stage,home_win,0.485,0.4871777960978291,3639,3800652.4607303627,2441.0,1,1
1897116,Match draw,12273,1366784.248478968,2026-06-01 08:25:04.000 UTC,2026-06-19 03:10:16.000 UTC,0.0,28,Group stage,draw,0.295,0.289524886877828,2210,772771.41943393,1201.5,1,1
1897117,Match winner,21553,5919368.617488248,2026-06-01 00:02:21.000 UTC,2026-06-19 03:08:26.000 UTC,0.0,28,Group stage,away_win,0.235,0.2352113508720071,3383,3241997.6519834544,2223.0,1,1
1897118,Match winner,40709,8555053.908896819,2026-06-01 07:21:58.000 UTC,2026-06-19 21:25:34.000 UTC,1.0,29,Group stage,home_win,0.605,0.6058054445554446,4004,4300172.584090967,2610.5,1,1
1897119,Match draw,9780,941328.0037139752,2026-06-01 08:25:14.000 UTC,2026-06-19 21:22:14.000 UTC,0.0,29,Group stage,draw,0.215,0.2180716723549488,2051,516871.2561965482,1218.0,1,1
1897120,Match winner,13762,2154668.5034479992,2026-06-01 01:25:25.000 UTC,2026-06-19 21:15:43.000 UTC,0.0,29,Group stage,away_win,0.175,0.17971039182282794,2348,1393158.0568265384,1880.0,1,1
1897121,Match winner,6790,1638156.7148599802,2026-06-01 08:25:04.000 UTC,2026-06-20 00:10:40.000 UTC,0.0,30,Group stage,home_win,0.175,0.17333912037037036,1728,640835.5248596789,1131.5,0,0
1897122,Match draw,6939,661152.023450985,2026-06-01 08:51:48.000 UTC,2026-06-20 00:11:07.000 UTC,0.0,30,Group stage,draw,0.265,0.2658786346396966,1582,187192.6110036009,976.5,0,0
1897123,Match winner,29639,9837813.107452773,2026-06-01 11:43:17.000 UTC,2026-06-20 00:17:17.000 UTC,1.0,30,Group stage,away_win,0.565,0.5554052823315118,3294,4223542.01011689,2035.5,1,1
1897124,Match winner,13932,5915687.062134919,2026-06-01 00:26:28.000 UTC,2026-06-20 02:47:35.000 UTC,1.0,31,Group stage,home_win,0.885,0.8873229043683589,3388,2131749.684103315,2232.0,1,1
1897125,Match draw,6236,731262.2635739904,2026-06-01 15:11:46.000 UTC,2026-06-20 02:36:17.000 UTC,0.0,31,Group stage,draw,0.0795,0.0772561320754717,2120,422396.4023541675,1529.5,1,1
1897126,Match winner,6222,1965558.080745994,2026-06-01 01:42:04.000 UTC,2026-06-20 02:37:58.000 UTC,0.0,31,Group stage,away_win,0.0395,0.03880869971936389,2138,1208314.7404147715,2146.5,1,1
1897127,Match winner,28059,12470479.353230843,2026-06-01 08:24:57.000 UTC,2026-06-20 05:18:32.000 UTC,0.0,32,Group stage,home_win,0.465,0.4676004304160689,2788,8826566.531763963,1524.0,1,1
1897130,Match draw,9696,772981.1192039793,2026-06-01 06:14:10.000 UTC,2026-06-20 05:18:38.000 UTC,0.0,32,Group stage,draw,0.285,0.28588788075178223,1543,120337.10995793038,1070.0,1,1
1897133,Match winner,14632,3068140.679163205,2026-06-01 01:38:01.000 UTC,2026-06-20 05:22:47.000 UTC,1.0,32,Group stage,away_win,0.245,0.24608621860149357,1473,333541.2858602856,1125.0,1,1
1897144,Match winner,29327,8322374.341957944,2026-06-01 08:25:18.000 UTC,2026-06-20 19:17:02.000 UTC,1.0,33,Group stage,home_win,0.575,0.5717735117999295,2839,4033414.775908317,1748.0,1,1
1897145,Match draw,8736,1324936.785825987,2026-06-01 11:02:35.000 UTC,2026-06-20 19:04:23.000 UTC,0.0,33,Group stage,draw,0.235,0.23874235006119948,1634,368973.17267220706,953.0,1,1
1897146,Match winner,10593,1615126.003633981,2026-06-01 01:58:33.000 UTC,2026-06-20 19:12:16.000 UTC,0.0,33,Group stage,away_win,0.195,0.195975935828877,1870,496887.6293227118,1285.0,1,1
1897147,Match winner,56367,16223277.72955744,2026-06-01 02:54:22.000 UTC,2026-06-20 22:27:05.000 UTC,1.0,34,Group stage,home_win,0.635,0.6386254174723149,5689,8767760.349577855,4049.0,1,1
1897148,Match draw,13598,1876275.7415869616,2026-06-01 11:04:47.000 UTC,2026-06-20 22:15:31.000 UTC,0.0,34,Group stage,draw,0.205,0.20387883008356544,1436,470583.04836188763,859.5,0,0
1897149,Match winner,12904,3037911.9591452135,2026-06-01 14:09:28.000 UTC,2026-06-20 22:15:43.000 UTC,0.0,34,Group stage,away_win,0.155,0.1578373266078184,1586,971453.7850846883,1309.5,1,0
1897150,Match winner,16085,3873689.891315276,2026-06-01 04:36:41.000 UTC,2026-06-21 02:08:08.000 UTC,0.0,35,Group stage,home_win,0.865,0.8594313638382941,2251,1549997.7468944471,1323.0,1,1
1897151,Match draw,13325,1509275.6165199685,2026-06-01 15:13:06.000 UTC,2026-06-21 02:11:37.000 UTC,1.0,35,Group stage,draw,0.095,0.0953289124668435,1885,267327.07712823583,1427.0,1,1
1897152,Match winner,12338,2697333.442215142,2026-06-01 00:07:50.000 UTC,2026-06-21 02:06:23.000 UTC,0.0,35,Group stage,away_win,0.0395,0.047403029183598074,2707,1534968.487553909,3474.0,1,1
1897153,Match winner,5351,1739713.5998639895,2026-06-01 05:26:16.000 UTC,2026-06-21 06:09:28.000 UTC,0.0,36,Group stage,home_win,0.135,0.1347982062780269,1338,1214935.2848911476,958.5,1,1
1897154,Match draw,5000,1483116.9096569882,2026-06-01 11:04:43.000 UTC,2026-06-21 06:05:23.000 UTC,0.0,36,Group stage,draw,0.235,0.22985841423948222,1236,927638.0622650286,921.0,1,1
1897155,Match winner,31389,8400558.054636253,2026-06-01 03:11:03.000 UTC,2026-06-21 06:15:26.000 UTC,1.0,36,Group stage,away_win,0.635,0.627511514841351,3908,5140779.930029663,2545.0,1,1
1897161,Match winner,13250,4559957.642434233,2026-06-01 00:23:12.000 UTC,2026-06-21 18:27:50.000 UTC,1.0,37,Group stage,home_win,0.885,0.8848389982110912,2795,2016145.5559524943,1940.0,1,1
1897162,Match draw,6874,870589.0495309917,2026-06-01 08:18:46.000 UTC,2026-06-21 18:16:07.000 UTC,0.0,37,Group stage,draw,0.085,0.08174002047082907,1954,366185.4606194158,1363.0,1,1
1897163,Match winner,8507,1457564.487765989,2026-06-01 08:18:47.000 UTC,2026-06-21 18:21:13.000 UTC,0.0,37,Group stage,away_win,0.0375,0.0375218797564688,2628,947214.9936653968,2902.0,1,1
1897168,Match winner,31777,9571284.478662873,2026-06-01 06:33:37.000 UTC,2026-06-21 21:17:44.000 UTC,0.0,38,Group stage,home_win,0.675,0.680929018789144,2874,2771298.150802941,1677.5,1,1
1897171,Match draw,12697,1785645.622129975,2026-06-01 08:52:01.000 UTC,2026-06-21 21:27:46.000 UTC,1.0,38,Group stage,draw,0.205,0.20155259365994235,1388,184054.2412480783,788.0,0,0
1897173,Match winner,11615,2155255.9064150243,2026-06-01 11:04:48.000 UTC,2026-06-21 21:17:29.000 UTC,0.0,38,Group stage,away_win,0.115,0.11719987021414667,1541,659685.7740421977,963.0,0,0
1897177,Match winner,27663,6528887.376098361,2026-06-01 02:02:55.000 UTC,2026-06-22 00:17:29.000 UTC,0.0,39,Group stage,home_win,0.675,0.6767130102040817,3920,1713386.1477542815,3314.5,1,1
1897179,Match draw,15256,2644569.838640108,2026-06-01 08:51:55.000 UTC,2026-06-22 00:31:38.000 UTC,1.0,39,Group stage,draw,0.225,0.2222099805573558,1543,250685.18380231177,893.0,0,0
1897181,Match winner,13022,2297704.434317052,2026-06-01 11:04:38.000 UTC,2026-06-22 00:17:07.000 UTC,0.0,39,Group stage,away_win,0.105,0.10694334650856391,1518,598353.3447959466,958.5,0,0
1897186,Match winner,12908,1930050.486085976,2026-06-01 08:24:53.000 UTC,2026-06-22 03:11:59.000 UTC,0.0,40,Group stage,home_win,0.165,0.16430325352977285,1629,448051.05930150894,1025.0,1,1
1897187,Match draw,9009,1098879.0534609738,2026-06-02 15:25:59.000 UTC,2026-06-22 03:12:05.000 UTC,0.0,40,Group stage,draw,0.235,0.2361288088642659,1444,403518.5646963522,953.5,1,1
1897188,Match winner,18945,9549842.898069818,2026-06-01 05:29:43.000 UTC,2026-06-22 03:18:41.000 UTC,1.0,40,Group stage,away_win,0.605,0.6000744047619048,2352,3923105.4592848737,1251.5,1,1
1897193,Match winner,49543,12370027.839462733,2026-06-01 01:38:23.000 UTC,2026-06-22 19:22:40.000 UTC,1.0,41,Group stage,home_win,0.625,0.6276481835564053,6276,7248609.001967585,3595.0,1,1
1897194,Match draw,10401,2442561.198381123,2026-06-01 08:25:18.000 UTC,2026-06-22 19:15:43.000 UTC,0.0,41,Group stage,draw,0.225,0.22426851294400962,1661,1371860.639112333,939.0,0,0
1897197,Match winner,8981,2656905.119205058,2026-06-01 08:51:45.000 UTC,2026-06-22 19:15:34.000 UTC,0.0,41,Group stage,away_win,0.135,0.13249547374773687,1657,917129.5397059174,993.0,1,0
1897202,Match winner,15285,6094376.12121319,2026-06-01 00:22:00.000 UTC,2026-06-23 01:05:25.000 UTC,1.0,42,Group stage,home_win,0.905,0.8975397067806964,3274,2846874.451933786,2094.0,1,1
1897204,Match draw,8576,809544.4636509946,2026-06-01 15:35:39.000 UTC,2026-06-23 00:59:32.000 UTC,0.0,42,Group stage,draw,0.075,0.08071294997662459,2139,436897.42410989123,1600.0,1,1
1897206,Match winner,8058,1607263.3095949776,2026-06-01 06:36:39.000 UTC,2026-06-23 00:59:07.000 UTC,0.0,42,Group stage,away_win,0.0295,0.03069609544468546,2305,917654.0358975286,2753.0,1,1
1897211,Match winner,35804,12440101.512926737,2026-06-01 03:12:18.000 UTC,2026-06-23 02:14:40.000 UTC,1.0,43,Group stage,home_win,0.425,0.42893114203454896,4168,4480562.099191957,2360.5,1,1
1897212,Match draw,10072,2472429.5045729927,2026-06-01 08:51:38.000 UTC,2026-06-23 02:12:35.000 UTC,0.0,43,Group stage,draw,0.275,0.276504400440044,1818,1073822.8685480177,1039.0,0,0
1897213,Match winner,9101,3037095.998053186,2026-06-01 04:39:38.000 UTC,2026-06-23 02:12:19.000 UTC,0.0,43,Group stage,away_win,0.295,0.29646157840083076,1926,1835137.7231466407,1194.5,1,1
1897218,Match winner,11710,2196252.592885999,2026-06-01 15:35:55.000 UTC,2026-06-23 05:13:55.000 UTC,0.0,44,Group stage,home_win,0.155,0.1510006901311249,1449,895290.0025233806,1004.0,1,1
1897221,Match draw,11623,992739.1451709728,2026-06-01 08:51:54.000 UTC,2026-06-23 05:11:16.000 UTC,0.0,44,Group stage,draw,0.225,0.22618689903846154,1664,330875.8702080273,1082.5,1,1
1897223,Match winner,23014,9261522.65453384,2026-06-01 01:28:27.000 UTC,2026-06-23 05:27:19.000 UTC,1.0,44,Group stage,away_win,0.635,0.6328610206297502,2763,5907523.178852909,1725.0,1,1
1897228,Match winner,19450,6756314.801618375,2026-06-01 00:24:46.000 UTC,2026-06-23 19:15:11.000 UTC,1.0,45,Group stage,home_win,0.815,0.8203728137465479,3259,3723970.83690881,2211.0,1,1
1897230,Match draw,5809,1403750.1933019797,2026-06-01 15:36:03.000 UTC,2026-06-23 18:58:22.000 UTC,0.0,45,Group stage,draw,0.125,0.12071120689655172,1624,369581.0393042758,1083.5,1,0
1897231,Match winner,5820,1832848.999487995,2026-06-01 16:08:08.000 UTC,2026-06-23 19:11:13.000 UTC,0.0,45,Group stage,away_win,0.045,0.05230793854033291,1562,702040.7457320701,986.0,1,0
1897236,Match winner,26250,9593145.064456915,2026-06-01 00:29:54.000 UTC,2026-06-23 22:14:32.000 UTC,0.0,46,Group stage,home_win,0.805,0.8015971081169899,3043,3616616.543606144,1959.0,1,1
1897238,Match draw,12466,1884908.1345989548,2026-06-01 15:36:14.000 UTC,2026-06-23 22:18:40.000 UTC,1.0,46,Group stage,draw,0.135,0.13658163265306122,1666,371077.51114423794,1179.5,1,1
1897240,Match winner,9280,1463496.7481369695,2026-06-01 15:23:06.000 UTC,2026-06-23 22:14:31.000 UTC,0.0,46,Group stage,away_win,0.065,0.06663325183374084,2045,517856.2739124518,2198.0,1,1
1897246,Match winner,5821,1281945.2008949816,2026-06-01 16:08:38.000 UTC,2026-06-24 01:06:34.000 UTC,0.0,47,Group stage,home_win,0.125,0.12754091653027821,1222,522542.8603777905,882.0,0,0
1897247,Match draw,6476,635062.9330909883,2026-06-01 08:52:15.000 UTC,2026-06-24 01:08:56.000 UTC,0.0,47,Group stage,draw,0.225,0.22393495353824158,1399,221250.48088059464,1016.0,0,0
1897249,Match winner,26677,7930743.083288213,2026-06-01 01:38:50.000 UTC,2026-06-24 01:09:37.000 UTC,1.0,47,Group stage,away_win,0.635,0.6427280835881753,3924,2919380.8214657083,2703.0,1,1
1897254,Match winner,27262,5531382.490289158,2026-06-01 13:45:03.000 UTC,2026-06-24 04:09:43.000 UTC,1.0,48,Group stage,home_win,0.645,0.6479917398038204,3874,1349612.502272758,2872.5,1,1
1897255,Match draw,9805,952851.5518099827,2026-06-01 08:52:02.000 UTC,2026-06-24 04:06:11.000 UTC,0.0,48,Group stage,draw,0.235,0.23167089410272668,1577,144476.80862676876,999.0,1,1
1897256,Match winner,6766,1484579.189630984,2026-06-01 16:08:52.000 UTC,2026-06-24 04:09:44.000 UTC,0.0,48,Group stage,away_win,0.135,0.1313041958041958,1430,513149.3374596427,1089.0,1,1
1897263,Match winner,23762,5040065.478892278,2026-06-01 08:52:06.000 UTC,2026-06-24 21:20:07.000 UTC,1.0,49,Group stage,home_win,0.405,0.4109189288334556,2726,1494593.0333504768,1776.5,1,1
1897265,Match draw,11192,1018920.0164449766,2026-06-01 11:48:09.000 UTC,2026-06-24 21:08:20.000 UTC,0.0,49,Group stage,draw,0.315,0.3141914357682619,1985,482877.3977028283,1177.0,1,1
1897266,Match winner,10332,1273159.0643409807,2026-06-01 15:56:18.000 UTC,2026-06-24 21:09:08.000 UTC,0.0,49,Group stage,away_win,0.285,0.2865805400372439,2148,448484.45466726494,1446.5,1,1
1897271,Match winner,15350,3529724.746811117,2026-06-01 21:08:04.000 UTC,2026-06-24 21:20:14.000 UTC,1.0,50,Group stage,home_win,0.695,0.680558272208639,2454,946278.5722717274,1753.5,1,1
1897273,Match draw,6929,614093.2567599891,2026-06-01 11:04:43.000 UTC,2026-06-24 21:08:11.000 UTC,0.0,50,Group stage,draw,0.175,0.18482309124767227,1611,237070.04967181903,917.0,1,1
1897274,Match winner,5031,875961.2712179885,2026-06-01 06:58:59.000 UTC,2026-06-24 21:15:17.000 UTC,0.0,50,Group stage,away_win,0.125,0.12716514954486347,1538,226762.4731355635,1061.0,0,0
1897279,Match winner,22573,11059387.421383694,2026-06-01 00:29:40.000 UTC,2026-06-25 00:19:46.000 UTC,1.0,51,Group stage,home_win,0.825,0.8109416445623342,2639,2107720.8406716017,1727.0,1,1
1897280,Match draw,7514,1116446.650325981,2026-06-01 15:37:13.000 UTC,2026-06-25 00:10:49.000 UTC,0.0,51,Group stage,draw,0.125,0.12913898601398602,1144,274104.4745054373,971.5,0,0
1897281,Match winner,7024,1990463.2780249768,2026-06-01 16:10:21.000 UTC,2026-06-25 00:11:29.000 UTC,0.0,51,Group stage,away_win,0.055,0.05786971830985915,1136,667300.2762003121,1221.5,0,0
1897286,Match winner,4699,1683518.494199986,2026-06-01 01:35:32.000 UTC,2026-06-25 00:19:05.000 UTC,0.0,52,Group stage,home_win,0.105,0.10850776502363267,1481,930426.2500849607,1186.0,1,0
1897289,Match draw,5119,629468.928275988,2026-06-01 15:37:05.000 UTC,2026-06-25 00:15:28.000 UTC,0.0,52,Group stage,draw,0.175,0.1749682427664079,1417,185835.92864667362,944.0,0,0
1897291,Match winner,20644,4273352.465741395,2026-06-01 01:39:02.000 UTC,2026-06-25 00:30:46.000 UTC,1.0,52,Group stage,away_win,0.705,0.7065206372194062,4143,1623947.0631079264,3033.0,1,1
1897296,Match winner,5867,1463178.9786609882,2026-06-01 11:04:40.000 UTC,2026-06-25 03:08:25.000 UTC,0.0,54,Group stage,home_win,0.255,0.24727629000653167,1531,918492.3744429917,1124.0,1,1
1897297,Match draw,5951,622484.9308009929,2026-06-01 08:01:40.000 UTC,2026-06-25 03:04:55.000 UTC,0.0,54,Group stage,draw,0.245,0.24236469864698645,1626,310021.032949975,1049.5,1,1
1897299,Match winner,34703,7012482.500909388,2026-06-01 08:16:29.000 UTC,2026-06-25 03:15:26.000 UTC,1.0,54,Group stage,away_win,0.505,0.5040783847980997,4210,4157231.417206489,2569.0,1,1
1897303,Match winner,10315,2811792.1809561043,2026-06-01 08:24:53.000 UTC,2026-06-25 03:19:11.000 UTC,1.0,53,Group stage,home_win,0.165,0.16816924328722538,1229,931138.2117325237,1126.0,1,1
1897305,Match draw,7716,868354.9009839871,2026-06-02 18:10:10.000 UTC,2026-06-25 03:07:55.000 UTC,0.0,53,Group stage,draw,0.245,0.241272030651341,1305,327389.06334868044,996.0,1,1
1897306,Match winner,25267,7832196.426434866,2026-06-01 12:25:36.000 UTC,2026-06-25 03:10:35.000 UTC,0.0,53,Group stage,away_win,0.595,0.5921385920804525,3182,4446686.33964076,2019.0,1,1
1897311,Match winner,16387,4727808.56972226,2026-06-01 08:45:41.000 UTC,2026-06-25 22:16:22.000 UTC,1.0,56,Group stage,home_win,0.195,0.20516755177907595,1883,1825308.547833744,1037.0,1,1
1897312,Match draw,12326,1353186.123823973,2026-06-01 08:51:38.000 UTC,2026-06-25 22:11:10.000 UTC,0.0,56,Group stage,draw,0.2055,0.21126722640416906,1727,402429.269888818,996.0,1,0
1897315,Match winner,49527,12703997.257424252,2026-06-01 01:39:14.000 UTC,2026-06-25 22:13:59.000 UTC,0.0,56,Group stage,away_win,0.535,0.5511302267002519,5955,7515305.758142179,3561.0,1,1
1897320,Match winner,7031,1091515.1358609896,2026-06-01 16:11:17.000 UTC,2026-06-25 22:02:23.000 UTC,0.0,55,Group stage,home_win,0.055,0.05463586956521739,2116,753678.074732624,1888.0,1,1
1897322,Match draw,5942,468891.53759399086,2026-06-01 15:37:45.000 UTC,2026-06-25 22:01:29.000 UTC,0.0,55,Group stage,draw,0.115,0.11321928277483834,1701,277802.91234865633,1047.0,1,0
1897323,Match winner,7203,1629425.0787219503,2026-06-01 00:26:05.000 UTC,2026-06-25 22:13:49.000 UTC,1.0,55,Group stage,away_win,0.835,0.8343980942297512,1889,632584.4564449755,1035.0,1,0
1897329,Match winner,34107,15119423.968119914,2026-06-01 03:03:32.000 UTC,2026-06-26 01:10:56.000 UTC,0.0,58,Group stage,home_win,0.515,0.5029280614452618,4622,8839110.346745685,3141.5,1,1
1897330,Match draw,10375,1737360.013801973,2026-06-01 03:03:32.000 UTC,2026-06-26 01:13:56.000 UTC,1.0,58,Group stage,draw,0.275,0.27493268090154216,1686,574618.4893454964,1095.0,0,0
1897331,Match winner,12507,2870038.101003208,2026-06-01 03:03:32.000 UTC,2026-06-26 01:11:04.000 UTC,0.0,58,Group stage,away_win,0.215,0.22888088935944945,1889,1569949.8154437416,1194.0,1,1
1897336,Match winner,4005,949485.183312996,2026-06-01 08:51:41.000 UTC,2026-06-26 01:04:07.000 UTC,0.0,57,Group stage,home_win,0.0345,0.04954428989751098,1366,527769.0784503298,1190.5,1,0
1897338,Match draw,3833,951940.5728569888,2026-06-01 15:37:57.000 UTC,2026-06-26 01:04:05.000 UTC,0.0,57,Group stage,draw,0.095,0.10603112840466926,1285,548195.9054754627,1211.0,1,0
1897340,Match winner,11020,3699235.2284130566,2026-06-01 01:14:28.000 UTC,2026-06-26 01:11:46.000 UTC,1.0,57,Group stage,away_win,0.875,0.7990816614862957,3539,1738493.5147922442,4213.0,1,1
1897345,Match winner,9376,1738424.4780859826,2026-06-01 08:25:25.000 UTC,2026-06-26 04:09:14.000 UTC,0.0,59,Group stage,home_win,0.345,0.35796683673469387,1960,1037813.2786013152,1187.5,1,1
1897347,Match draw,6915,2237305.779170014,2026-06-01 08:25:00.000 UTC,2026-06-26 04:15:26.000 UTC,1.0,59,Group stage,draw,0.425,0.41029731457800517,1564,570899.7314533697,1199.0,1,1
1897348,Match winner,9107,2543469.6747611174,2026-06-01 08:25:25.000 UTC,2026-06-26 04:09:23.000 UTC,0.0,59,Group stage,away_win,0.235,0.2361608818011257,2132,1069411.9157072639,1289.5,1,1
1897354,Match winner,12551,3356365.8227501707,2026-06-01 11:08:01.000 UTC,2026-06-26 04:22:37.000 UTC,1.0,60,Group stage,home_win,0.265,0.28142254771415887,2253,905142.6809466031,2452.0,1,1
1897355,Match draw,10095,1481736.206713983,2026-06-01 08:24:57.000 UTC,2026-06-26 04:19:13.000 UTC,0.0,60,Group stage,draw,0.225,0.23046504739336496,1688,314329.8883166167,1314.0,1,1
1897356,Match winner,57366,17190777.444543615,2026-06-01 01:39:28.000 UTC,2026-06-26 04:19:04.000 UTC,0.0,60,Group stage,away_win,0.505,0.4823713067316479,6566,9820747.952360554,4404.5,1,1
1897363,Match winner,14983,2549294.345903154,2026-06-01 08:51:45.000 UTC,2026-06-26 21:12:01.000 UTC,0.0,61,Group stage,home_win,0.195,0.19714285714285712,2576,1618306.293155614,1825.0,1,1
1897365,Match draw,11127,835980.4574659858,2026-06-02 15:04:45.000 UTC,2026-06-26 21:11:23.000 UTC,0.0,61,Group stage,draw,0.205,0.2087769964841788,1991,496749.9089776534,1187.0,1,1
1897366,Match winner,28773,11541049.74074533,2026-06-01 01:39:37.000 UTC,2026-06-26 21:19:26.000 UTC,1.0,61,Group stage,away_win,0.595,0.5825903748059437,4509,8385339.683736078,3163.0,1,1
1897372,Match winner,8088,1944031.9523879744,2026-06-01 08:25:07.000 UTC,2026-06-26 21:38:07.000 UTC,1.0,62,Group stage,home_win,0.795,0.7665316901408451,2272,1296742.7260687007,1784.5,1,0
1897373,Match draw,3635,366928.2325519944,2026-06-01 08:25:07.000 UTC,2026-06-26 21:23:29.000 UTC,0.0,62,Group stage,draw,0.135,0.1475505254648343,1237,151485.84007658935,941.0,0,0
1897374,Match winner,4267,810041.3258169943,2026-06-01 08:25:05.000 UTC,2026-06-26 21:17:31.000 UTC,0.0,62,Group stage,away_win,0.075,0.0784607438016529,1452,410992.59470494924,1077.5,0,0
1897379,Match winner,19869,3244619.0122704925,2026-06-01 01:26:40.000 UTC,2026-06-27 02:13:34.000 UTC,0.0,63,Group stage,home_win,0.365,0.3749513618677042,3084,2478774.8928796453,1936.0,1,1
1897381,Match draw,7692,930619.0831569772,2026-06-02 18:17:25.000 UTC,2026-06-27 02:26:17.000 UTC,1.0,63,Group stage,draw,0.285,0.28047386559448595,1741,280895.96320286277,1085.0,0,0
1897383,Match winner,7771,2722938.0245880894,2026-06-01 16:13:44.000 UTC,2026-06-27 02:14:17.000 UTC,0.0,63,Group stage,away_win,0.355,0.35708639186900054,1771,1744475.6977415134,1231.0,1,0
1897389,Match winner,7578,1403738.628266985,2026-06-01 15:38:48.000 UTC,2026-06-27 02:16:53.000 UTC,0.0,64,Group stage,home_win,0.145,0.1414696132596685,1810,839771.004573457,1129.5,0,0
1897390,Match draw,6269,1639590.9321329803,2026-06-01 08:25:02.000 UTC,2026-06-27 02:16:44.000 UTC,0.0,64,Group stage,draw,0.245,0.2455242203052422,1507,1369862.0296350864,983.0,0,0
1897392,Match winner,31662,11158213.930019528,2026-06-01 01:25:53.000 UTC,2026-06-27 02:27:43.000 UTC,1.0,64,Group stage,away_win,0.635,0.62488134728247,3919,7233734.495059502,2804.0,1,1
1897397,Match winner,22057,4414769.526181317,2026-06-01 16:14:14.000 UTC,2026-06-27 05:19:11.000 UTC,0.0,65,Group stage,home_win,0.395,0.39762602788702184,2797,1870508.699314266,1627.0,1,1
1897398,Match draw,10563,2181725.7061200207,2026-06-01 16:14:14.000 UTC,2026-06-27 05:32:31.000 UTC,1.0,65,Group stage,draw,0.365,0.36044395924308587,1374,766252.2092372467,1093.5,1,1
1897399,Match winner,10215,1765390.2238529718,2026-06-01 01:39:47.000 UTC,2026-06-27 05:20:20.000 UTC,0.0,65,Group stage,away_win,0.245,0.2505240606460119,1517,601637.0891039746,1152.0,1,1
1897406,Match winner,5543,972907.668377988,2026-06-01 16:14:02.000 UTC,2026-06-27 05:05:40.000 UTC,0.0,66,Group stage,home_win,0.065,0.06536631183469005,1597,527521.4147401974,1320.0,1,1
1897408,Match draw,4945,302735.2795989976,2026-06-01 03:35:26.000 UTC,2026-06-27 05:10:25.000 UTC,0.0,66,Group stage,draw,0.115,0.12444164265129683,1388,150714.73598199492,1314.5,1,1
1897409,Match winner,8052,2282746.460486004,2026-06-01 15:10:06.000 UTC,2026-06-27 05:25:10.000 UTC,1.0,66,Group stage,away_win,0.825,0.8166059957173447,1868,920958.5979417581,1229.5,1,1
1897415,Match winner,5688,1395639.4173139983,2026-06-01 15:39:18.000 UTC,2026-06-27 23:06:40.000 UTC,0.0,68,Group stage,home_win,0.055,0.058339634530560805,1587,682095.1093674896,1126.0,1,0
1897416,Match draw,4955,519950.4260489934,2026-06-01 01:11:18.000 UTC,2026-06-27 23:07:52.000 UTC,0.0,68,Group stage,draw,0.105,0.11245686421605401,1333,189894.13216797827,947.0,0,0
1897417,Match winner,13006,4367182.244374182,2026-06-01 00:27:15.000 UTC,2026-06-27 23:14:31.000 UTC,1.0,68,Group stage,away_win,0.835,0.8271181988742964,2665,2238618.0909514674,1746.0,1,1
1897423,Match winner,20449,9749654.950881,2026-06-01 05:24:54.000 UTC,2026-06-27 23:28:49.000 UTC,1.0,67,Group stage,home_win,0.545,0.5496433289299868,3028,6478032.583986833,2311.0,1,1
1897425,Match draw,9966,1050740.639629979,2026-06-01 08:24:57.000 UTC,2026-06-27 23:18:01.000 UTC,0.0,67,Group stage,draw,0.295,0.29386305732484075,1570,435700.3817359689,888.5,1,0
1897427,Match winner,8370,1771013.6549469794,2026-06-01 15:40:07.000 UTC,2026-06-27 23:09:13.000 UTC,0.0,67,Group stage,away_win,0.165,0.16987905442550852,1819,1378280.805716577,1128.0,1,1
1897432,Match winner,15614,2684721.0147332503,2026-06-01 01:40:26.000 UTC,2026-06-28 01:42:40.000 UTC,0.0,69,Group stage,home_win,0.265,0.2576985446985447,2405,1570923.4706714046,1865.0,1,1
1897433,Match draw,11505,1861301.3925139704,2026-06-01 04:49:07.000 UTC,2026-06-28 01:49:29.000 UTC,1.0,69,Group stage,draw,0.245,0.24895833333333334,1824,405431.531367938,1084.5,1,0
1897435,Match winner,33312,9413825.624166347,2026-06-01 04:50:32.000 UTC,2026-06-28 01:41:20.000 UTC,0.0,69,Group stage,away_win,0.495,0.49290500975927126,4611,5641806.261147817,3568.0,1,1
1897437,Match winner,18256,5598306.866787098,2026-06-01 08:51:41.000 UTC,2026-06-28 02:03:10.000 UTC,1.0,70,Group stage,home_win,0.555,0.5527922606924643,2455,2119350.436618837,1442.0,1,1
1897438,Match draw,4917,544013.9992209958,2026-06-01 08:25:21.000 UTC,2026-06-28 01:43:31.000 UTC,0.0,70,Group stage,draw,0.235,0.24105646630236796,1098,51561.950790473304,1015.5,0,0
1897439,Match winner,6869,1593060.1341269836,2026-06-01 13:54:28.000 UTC,2026-06-28 01:48:52.000 UTC,0.0,70,Group stage,away_win,0.205,0.2186095238095238,1050,201556.64221808687,1144.0,0,0
1897440,Match winner,3891,979032.8865119946,2026-06-01 02:22:33.000 UTC,2026-06-28 04:09:59.000 UTC,0.0,72,Group stage,home_win,0.0515,0.05323134863701578,1394,551466.106861331,1425.0,1,1
1897441,Match draw,3763,433225.4138779969,2026-06-01 15:39:51.000 UTC,2026-06-28 04:00:08.000 UTC,0.0,72,Group stage,draw,0.105,0.10587017873941675,1063,151364.50142801832,1142.0,1,1
1897442,Match winner,17007,4681669.9854212,2026-06-01 00:28:50.000 UTC,2026-06-28 04:14:38.000 UTC,1.0,72,Group stage,away_win,0.84,0.8376799485861182,3890,2118961.573385029,2422.5,1,1
1897443,Match winner,10532,1424259.1029899768,2026-06-01 08:24:58.000 UTC,2026-06-28 04:14:35.000 UTC,0.0,71,Group stage,home_win,0.245,0.2516446955430006,1593,329971.86053322675,1210.0,1,1
1897444,Match draw,14524,4806226.731567284,2026-06-01 08:24:58.000 UTC,2026-06-28 04:19:58.000 UTC,1.0,71,Group stage,draw,0.465,0.439101667563206,1859,1294396.3724109095,1063.0,1,1
1897445,Match winner,16840,4236587.710388509,2026-06-01 08:24:58.000 UTC,2026-06-28 04:16:49.000 UTC,0.0,71,Group stage,away_win,0.335,0.3258770076077768,2366,831342.4757238455,1690.0,1,1
2680253,Match winner,9775,1309391.8017799808,2026-06-25 10:34:08.000 UTC,2026-06-28 21:17:04.000 UTC,0.0,73,Round of 32,home_win,0.165,0.1619542820347714,1553,468638.45062847796,826.0,0,0
2680256,Match draw,9030,1764325.495419972,2026-06-25 11:25:11.000 UTC,2026-06-28 21:18:49.000 UTC,0.0,73,Round of 32,draw,0.265,0.2643083700440529,1135,794415.7037027291,621.0,0,0
2680257,Match winner,27870,18529040.84196395,2026-06-25 10:21:50.000 UTC,2026-06-28 21:25:43.000 UTC,1.0,73,Round of 32,away_win,0.575,0.570275403608737,2106,11507305.019708209,1102.0,1,1
2690979,Match winner,50064,11298884.973459436,2026-06-26 10:57:31.000 UTC,2026-06-29 19:22:55.000 UTC,1.0,74,Round of 32,home_win,0.575,0.5731785012629806,3563,5115364.753759147,1805.0,1,1
2690981,Match draw,13444,1814990.1847079676,2026-06-26 11:06:16.000 UTC,2026-06-29 19:16:50.000 UTC,0.0,74,Round of 32,draw,0.255,0.25346153846153846,1859,606093.3841167846,1169.0,1,1
2690983,Match winner,21349,2942970.269786507,2026-06-26 10:54:59.000 UTC,2026-06-29 19:16:55.000 UTC,0.0,74,Round of 32,away_win,0.185,0.18052970651395847,2794,1012258.9021634781,1539.5,1,1
2690992,Match winner,23821,5524143.232186245,2026-06-26 11:01:55.000 UTC,2026-06-30 04:07:32.000 UTC,0.0,76,Round of 32,home_win,0.435,0.43429975429975426,3256,3094579.6039230805,1775.5,1,1
2690994,Match draw,10510,1888935.0340439845,2026-06-26 11:16:16.000 UTC,2026-06-30 04:11:47.000 UTC,1.0,76,Round of 32,draw,0.315,0.31171014492753624,1725,615734.2956411866,1079.0,1,1
2690996,Match winner,12178,1610743.683073962,2026-06-26 10:57:55.000 UTC,2026-06-30 04:07:47.000 UTC,0.0,76,Round of 32,away_win,0.265,0.2623975791433892,2148,463858.03503920085,1327.5,1,1
2690999,Match winner,24365,6611533.810233647,2026-06-26 10:57:08.000 UTC,2026-07-02 02:23:31.000 UTC,1.0,82,Round of 32,home_win,0.715,0.7105200872002492,3211,2499466.471121179,2026.0,1,1
2691003,Match draw,7115,876032.0173229893,2026-06-26 11:51:04.000 UTC,2026-07-02 02:17:44.000 UTC,0.0,82,Round of 32,draw,0.185,0.18975555555555557,1350,153207.29374817447,1022.5,0,0
2691004,Match winner,8056,2086994.8206029832,2026-06-26 10:55:19.000 UTC,2026-07-02 02:22:08.000 UTC,0.0,82,Round of 32,away_win,0.105,0.10098360655737704,1830,907624.0370526615,1501.5,1,1
2707623,Match winner,34808,7895474.91121944,2026-06-27 10:09:13.000 UTC,2026-06-29 23:41:44.000 UTC,0.0,75,Round of 32,home_win,0.725,0.7265578424414478,2818,4023249.0440978827,1469.5,1,1
2707625,Match draw,9551,4051643.356523215,2026-06-27 10:25:17.000 UTC,2026-06-29 23:47:20.000 UTC,1.0,75,Round of 32,draw,0.185,0.18410354745925217,1043,154445.91408277693,911.0,0,0
2707627,Match winner,10826,1794822.3492189597,2026-06-27 11:16:19.000 UTC,2026-06-29 23:39:55.000 UTC,0.0,75,Round of 32,away_win,0.095,0.08996124031007753,1290,680657.4064166485,948.5,0,0
2707636,Match winner,10050,1513394.662086971,2026-06-27 10:20:13.000 UTC,2026-06-30 19:12:13.000 UTC,0.0,77,Round of 32,home_win,0.265,0.26045541401273886,1570,569359.6732240986,886.0,0,0
2707637,Match draw,10450,2220993.21821103,2026-06-27 11:17:55.000 UTC,2026-06-30 19:10:46.000 UTC,0.0,77,Round of 32,draw,0.285,0.2784597523219814,1292,1118890.1600460531,737.5,0,0
2707639,Match winner,37447,9198014.14691348,2026-06-27 10:11:35.000 UTC,2026-06-30 19:17:35.000 UTC,1.0,77,Round of 32,away_win,0.465,0.4652948219096079,3341,4002918.79429359,1837.0,1,1
2707644,Match winner,27457,13916166.43177354,2026-06-27 10:07:19.000 UTC,2026-06-30 23:11:04.000 UTC,1.0,78,Round of 32,home_win,0.765,0.768574847115129,3761,5945999.973942207,2052.0,1,1
2707646,Match draw,4967,714471.6439779955,2026-06-27 11:37:43.000 UTC,2026-06-30 23:06:37.000 UTC,0.0,78,Round of 32,draw,0.155,0.1550658436213992,1215,181554.47259859915,805.0,0,0
2707648,Match winner,6340,1787910.3004819816,2026-06-27 11:17:04.000 UTC,2026-06-30 23:03:53.000 UTC,0.0,78,Round of 32,away_win,0.075,0.07614445910290238,1516,839098.1731912695,976.5,0,0
2707653,Match winner,13001,1746794.9369199718,2026-06-27 10:28:35.000 UTC,2026-07-03 21:13:49.000 UTC,0.0,86,Round of 32,home_win,0.285,0.27677364037236646,2041,624275.1200534708,1437.0,1,1
2707655,Match draw,9928,2254421.7524070297,2026-06-27 10:14:01.000 UTC,2026-07-03 21:18:02.000 UTC,1.0,86,Round of 32,draw,0.335,0.33475349969567864,1643,332403.26944969414,999.0,0,0
2707656,Match winner,22151,4740534.083179283,2026-06-27 10:21:02.000 UTC,2026-07-03 21:04:10.000 UTC,0.0,86,Round of 32,away_win,0.385,0.3902525609325327,2831,2568236.733185017,2021.0,1,1
2707658,Match winner,39572,11681772.088896347,2026-06-27 10:21:55.000 UTC,2026-07-04 00:59:46.000 UTC,0.0,87,Round of 32,home_win,0.855,0.8510734958779163,5701,5095456.366426253,3396.0,1,1
2707659,Match draw,16743,2467069.6275651637,2026-06-27 10:33:14.000 UTC,2026-07-04 01:04:01.000 UTC,1.0,87,Round of 32,draw,0.105,0.10994603647190175,2687,189187.17508697358,2142.0,1,1
2707660,Match winner,20135,3033487.445459293,2026-06-27 10:33:14.000 UTC,2026-07-04 00:51:53.000 UTC,0.0,87,Round of 32,away_win,0.0425,0.04132836755132699,3994,1368765.4540530925,2903.5,1,1
2718892,Match winner,29175,7323825.683649975,2026-06-28 10:08:49.000 UTC,2026-07-01 08:00:35.000 UTC,1.0,79,Round of 32,home_win,0.435,0.43513675533907825,2669,3636548.934877141,1411.0,1,1
2718893,Match draw,8442,3217254.6220521177,2026-06-28 10:08:17.000 UTC,2026-07-01 04:08:17.000 UTC,0.0,79,Round of 32,draw,0.335,0.3345432525951557,1445,2255806.548084739,855.0,1,1
2718894,Match winner,8667,2651750.295713075,2026-06-28 10:11:56.000 UTC,2026-07-01 04:07:10.000 UTC,0.0,79,Round of 32,away_win,0.235,0.23578658536585365,1640,1396084.0768867144,990.5,1,1
2718900,Match winner,37347,8189042.057671105,2026-06-28 10:11:38.000 UTC,2026-07-01 18:26:22.000 UTC,1.0,80,Round of 32,home_win,0.765,0.7663107170393215,2594,1887212.2955356715,1495.5,1,1
2718902,Match draw,14607,1944956.328328963,2026-06-28 10:19:23.000 UTC,2026-07-01 18:15:04.000 UTC,0.0,80,Round of 32,draw,0.175,0.17899390243902438,1312,382656.91465355334,868.5,0,0
2718903,Match winner,16251,2406826.251192129,2026-06-28 10:13:16.000 UTC,2026-07-01 18:14:56.000 UTC,0.0,80,Round of 32,away_win,0.055,0.059888463989802423,1569,656311.3260497431,1023.0,1,1
2718907,Match winner,23223,14632302.808401909,2026-06-28 10:18:56.000 UTC,2026-07-01 23:08:02.000 UTC,0.0,81,Round of 32,home_win,0.455,0.44963116542994325,2291,10311727.435363026,1261.0,1,1
2718908,Match draw,12350,2141440.44229899,2026-06-28 10:35:29.000 UTC,2026-07-01 23:19:46.000 UTC,1.0,81,Round of 32,draw,0.295,0.29533288043478256,1472,533608.0852095912,804.5,0,0
2718910,Match winner,21345,5998333.323246956,2026-06-28 10:18:26.000 UTC,2026-07-01 23:06:49.000 UTC,0.0,81,Round of 32,away_win,0.255,0.2573172043010753,1860,2100442.1154230363,1090.5,1,1
2718913,Match winner,24753,6862879.471443719,2026-06-28 10:21:14.000 UTC,2026-07-02 21:31:26.000 UTC,1.0,83,Round of 32,home_win,0.745,0.7452457627118645,3245,2979356.02311349,1739.0,1,1
2718914,Match draw,5381,1010566.1040449868,2026-06-28 10:35:40.000 UTC,2026-07-02 21:22:56.000 UTC,0.0,83,Round of 32,draw,0.175,0.17484690201729106,1388,359205.2897693792,891.5,0,0
2718915,Match winner,6699,1270815.7831929852,2026-06-28 10:34:16.000 UTC,2026-07-02 21:22:58.000 UTC,0.0,83,Round of 32,away_win,0.07875,0.07876485442661914,1683,620833.2829456362,1041.0,0,0
2718919,Match winner,36277,8672036.762542788,2026-06-28 10:14:58.000 UTC,2026-07-03 01:26:16.000 UTC,1.0,84,Round of 32,home_win,0.545,0.5530073441247002,3336,2725146.5315280673,1887.0,1,1
2718920,Match draw,17323,2431509.0221590814,2026-06-28 10:17:35.000 UTC,2026-07-03 01:19:43.000 UTC,0.0,84,Round of 32,draw,0.26625,0.2668330432620587,2011,829976.0650082757,1121.0,1,1
2718922,Match winner,17465,3328397.188860357,2026-06-28 10:14:52.000 UTC,2026-07-03 01:22:22.000 UTC,0.0,84,Round of 32,away_win,0.185,0.18347407698350354,2546,673370.1415132371,1549.0,1,1
2718925,Match winner,19983,5863781.089142019,2026-06-28 10:09:32.000 UTC,2026-07-03 05:20:32.000 UTC,1.0,85,Round of 32,home_win,0.475,0.47999328182734297,2977,2882296.7086754795,1657.0,1,1
2718926,Match draw,5520,875959.8858999897,2026-06-28 10:35:47.000 UTC,2026-07-03 05:08:38.000 UTC,0.0,85,Round of 32,draw,0.29625,0.2950874125874126,1430,375344.33357492083,1022.5,1,1
2718928,Match winner,6168,1624377.4719839783,2026-06-28 10:07:23.000 UTC,2026-07-03 05:08:56.000 UTC,0.0,85,Round of 32,away_win,0.22375,0.22201593959731541,1490,589054.2078724836,1083.5,1,1
2718931,Match winner,17393,3466494.9914111868,2026-06-28 10:09:43.000 UTC,2026-07-04 03:50:29.000 UTC,1.0,88,Round of 32,home_win,0.645,0.6602484375000001,3200,1649107.9099102616,1975.0,1,1
2718932,Match draw,6170,887337.1570779895,2026-06-28 10:36:08.000 UTC,2026-07-04 03:46:29.000 UTC,0.0,88,Round of 32,draw,0.215,0.22721660649819495,1385,367643.43658151035,1069.0,1,1
2718933,Match winner,7162,1709364.8683559834,2026-06-28 10:15:17.000 UTC,2026-07-04 03:43:04.000 UTC,0.0,88,Round of 32,away_win,0.105,0.10895229982964226,1761,893239.855381315,1182.0,1,1
2740917,Match winner,11126,5526362.889278147,2026-06-30 10:44:49.000 UTC,2026-07-04 19:17:56.000 UTC,0.0,89,Round of 16,home_win,0.175,0.18133952254641908,1885,4468971.634821345,1209.0,1,1
2740919,Match draw,7965,1659091.9870169829,2026-06-30 11:01:41.000 UTC,2026-07-04 19:17:44.000 UTC,0.0,89,Round of 16,draw,0.285,0.2813486100676183,1331,1027781.2072384115,746.0,0,0
2740921,Match winner,36256,17994187.810022295,2026-06-30 10:11:37.000 UTC,2026-07-04 19:20:35.000 UTC,1.0,89,Round of 16,away_win,0.545,0.53928515625,3840,8532725.574773064,2175.5,1,1
2754625,Match winner,9997,2337720.594926042,2026-07-01 10:18:25.000 UTC,2026-07-04 23:15:59.000 UTC,0.0,90,Round of 16,home_win,0.045,0.045,1692,728521.3338899735,1076.5,0,0
2754627,Match draw,9373,1252268.840637979,2026-07-01 10:18:43.000 UTC,2026-07-04 23:17:10.000 UTC,0.0,90,Round of 16,draw,0.125,0.12594834232845026,1297,127757.69640164835,767.0,0,0
2754628,Match winner,27618,8593860.893858355,2026-07-01 10:06:49.000 UTC,2026-07-04 23:20:13.000 UTC,1.0,90,Round of 16,away_win,0.835,0.8324890609222484,2971,3402862.1859899536,1714.0,1,1
2754647,Match winner,33947,6659818.104710932,2026-07-01 10:10:53.000 UTC,2026-07-05 22:16:46.000 UTC,0.0,91,Round of 16,home_win,0.535,0.5310432538707299,4069,3393867.124546603,2218.0,1,1
2754649,Match draw,11987,2473819.355436137,2026-07-01 10:19:25.000 UTC,2026-07-05 22:20:07.000 UTC,0.0,91,Round of 16,draw,0.265,0.2650527638190955,1990,703365.3571133228,1222.5,1,1
2754651,Match winner,27131,5362033.988297189,2026-07-01 10:10:38.000 UTC,2026-07-05 22:23:31.000 UTC,1.0,91,Round of 16,away_win,0.205,0.20721337579617832,3140,1269459.6590252183,1867.5,1,1
2766759,Match winner,32455,5401864.918499197,2026-07-02 10:12:05.000 UTC,2026-07-06 03:18:59.000 UTC,0.0,92,Round of 16,home_win,0.305,0.30538720086044635,3719,3001894.7066390226,2099.0,1,1
2766760,Match draw,15666,2572457.631850158,2026-07-02 10:29:26.000 UTC,2026-07-06 03:18:34.000 UTC,0.0,92,Round of 16,draw,0.305,0.30592673459485686,2061,660147.0257577428,1199.0,1,1
2766762,Match winner,30295,9037861.316877702,2026-07-02 10:13:56.000 UTC,2026-07-06 03:22:38.000 UTC,1.0,92,Round of 16,away_win,0.395,0.391653290529695,3115,3229646.747546078,1706.0,1,1
2766773,Match winner,25737,7991055.4745986285,2026-07-02 10:19:13.000 UTC,2026-07-07 02:10:53.000 UTC,0.0,94,Round of 16,home_win,0.355,0.3615095729013255,3395,6617673.394865066,1987.0,1,1
2766774,Match draw,9048,1329440.15002298,2026-07-02 10:18:37.000 UTC,2026-07-07 02:10:58.000 UTC,0.0,94,Round of 16,draw,0.285,0.28634134134134137,1998,765723.729356196,1285.0,1,1
2766776,Match winner,18695,5149222.546240334,2026-07-02 10:21:28.000 UTC,2026-07-07 02:13:46.000 UTC,1.0,94,Round of 16,away_win,0.345,0.35457657657657654,2775,2015241.774957877,1668.0,1,1
2781973,Match winner,24921,6709394.514187256,2026-07-03 10:12:17.000 UTC,2026-07-06 21:13:59.000 UTC,0.0,93,Round of 16,home_win,0.235,0.23132337054375224,2777,978402.2149367712,1643.0,1,1
2781975,Match draw,12710,1583259.9998499623,2026-07-03 10:19:53.000 UTC,2026-07-06 21:12:49.000 UTC,0.0,93,Round of 16,draw,0.265,0.26584900284900287,1755,522722.9753792278,932.0,0,0
2781976,Match winner,29546,7160730.5325267725,2026-07-03 10:09:17.000 UTC,2026-07-06 21:19:53.000 UTC,1.0,93,Round of 16,away_win,0.515,0.5121850856567014,2977,3042654.190156152,1786.0,1,1
2793738,Match winner,55762,10497558.0042383,2026-07-04 10:11:41.000 UTC,2026-07-07 18:30:05.000 UTC,1.0,95,Round of 16,home_win,0.715,0.7178375252963284,3459,2922324.3887077374,1895.0,1,1
2793739,Match draw,18540,2683369.9893731275,2026-07-04 10:12:35.000 UTC,2026-07-07 18:25:16.000 UTC,0.0,95,Round of 16,draw,0.205,0.20033762057877813,1555,657657.4569081475,1128.0,1,1
2793741,Match winner,27798,5461882.858950274,2026-07-04 10:09:59.000 UTC,2026-07-07 18:23:34.000 UTC,0.0,95,Round of 16,away_win,0.085,0.08896330275229358,2180,1932996.4123783775,1307.5,1,1
2793753,Match winner,13878,2662611.7955352324,2026-07-04 10:07:02.000 UTC,2026-07-07 23:06:11.000 UTC,0.0,96,Round of 16,home_win,0.265,0.26583034341363404,1951,1036969.0435204798,1080.0,1,1
2793754,Match draw,9118,3940181.9184811655,2026-07-04 10:08:38.000 UTC,2026-07-07 23:11:37.000 UTC,1.0,96,Round of 16,draw,0.315,0.3148785714285714,1400,2621218.4708390725,891.0,0,0
2793757,Match winner,25202,6224169.608774567,2026-07-04 10:06:58.000 UTC,2026-07-07 23:07:29.000 UTC,0.0,96,Round of 16,away_win,0.425,0.4250017488632389,2859,4621082.473400429,1671.0,1,1
2804853,Match winner,42557,12337525.154025529,2026-07-05 10:10:59.000 UTC,2026-07-09 22:33:10.000 UTC,1.0,97,Quarter-final,home_win,0.615,0.617114306498545,5155,6330397.158787126,2635.0,1,1
2804855,Match draw,10838,1770189.9076509802,2026-07-05 10:24:44.000 UTC,2026-07-09 22:12:02.000 UTC,0.0,97,Quarter-final,draw,0.245,0.24586666666666665,2325,637416.2216368804,1737.0,1,1
2804857,Match winner,18037,2937631.817123403,2026-07-05 10:11:17.000 UTC,2026-07-09 22:13:14.000 UTC,0.0,97,Quarter-final,away_win,0.145,0.14117122600973933,3491,1527417.1569505183,2080.0,1,1
2815441,Match winner,45679,6013559.028896965,2026-07-06 10:06:25.000 UTC,2026-07-11 23:59:07.000 UTC,0.0,99,Quarter-final,home_win,0.22875,0.23093057393317895,6046,3365582.0993577503,3503.5,1,1
2815442,Match draw,15375,3209220.3815882714,2026-07-06 10:06:20.000 UTC,2026-07-12 00:04:31.000 UTC,1.0,99,Quarter-final,draw,0.26125,0.26031969514640996,2493,916373.933320562,1732.0,1,1
2815444,Match winner,32351,9356871.420507986,2026-07-06 10:07:38.000 UTC,2026-07-11 23:59:59.000 UTC,0.0,99,Quarter-final,away_win,0.51625,0.5165713793894882,4357,5234187.844026918,2646.0,1,1
2829164,Match winner,49475,12442616.402074268,2026-07-07 10:12:41.000 UTC,2026-07-10 21:35:19.000 UTC,1.0,98,Quarter-final,home_win,0.60375,0.6004989281886388,3732,5420339.405593707,2069.5,1,1
2829166,Match draw,13097,1859976.6972160237,2026-07-07 10:30:59.000 UTC,2026-07-10 21:12:53.000 UTC,0.0,98,Quarter-final,draw,0.24375,0.24329572649572648,1755,863338.5137049077,1129.0,1,1
2829167,Match winner,17417,3058428.712542356,2026-07-07 10:14:50.000 UTC,2026-07-10 21:10:20.000 UTC,0.0,98,Quarter-final,away_win,0.165,0.1647779022023143,2679,2024527.7622476013,1719.0,1,1
2844058,Match winner,42649,9210124.583371775,2026-07-08 10:07:11.000 UTC,2026-07-12 03:55:58.000 UTC,0.0,100,Quarter-final,home_win,0.57375,0.5723691790686509,4166,5173437.0308164265,2230.5,1,1
2844059,Match draw,12938,3542161.764180293,2026-07-08 10:06:44.000 UTC,2026-07-12 04:31:31.000 UTC,1.0,100,Quarter-final,draw,0.26875,0.2703137491385252,1451,1272169.623089417,1043.0,1,1
2844060,Match winner,13440,2151676.509020993,2026-07-08 10:10:13.000 UTC,2026-07-12 03:55:23.000 UTC,0.0,100,Quarter-final,away_win,0.16125,0.161863355513308,2104,760875.7603389296,1520.5,1,1
2879968,Match winner,44778,14993899.913003054,2026-07-11 10:09:58.000 UTC,2026-07-14 21:14:34.000 UTC,0.0,101,Semi-final,home_win,0.41125,0.41282292142530835,4378,11037308.445615496,2280.5,1,1
2879969,Match draw,13387,2648271.7499752273,2026-07-11 10:13:58.000 UTC,2026-07-14 21:14:35.000 UTC,0.0,101,Semi-final,draw,0.29875,0.29999454148471616,2290,1565139.548097281,1747.5,1,1
2879970,Match winner,17465,5653710.655348128,2026-07-11 10:08:16.000 UTC,2026-07-14 21:19:47.000 UTC,1.0,101,Semi-final,away_win,0.29375,0.29257317300521996,2682,1941922.07630386,1926.5,1,1
2891165,Match winner,26046,7975396.264598768,2026-07-12 10:08:43.000 UTC,2026-07-15 21:18:31.000 UTC,0.0,102,Semi-final,home_win,0.35875,0.35888639281129653,3116,4293443.837638471,1712.5,1,1
2891166,Match draw,15860,3544822.202209477,2026-07-12 10:09:38.000 UTC,2026-07-15 21:16:58.000 UTC,0.0,102,Semi-final,draw,0.32875,0.32992313150425734,2114,1303841.1363063313,1421.5,1,1
2891167,Match winner,31919,6194132.769304224,2026-07-12 10:08:14.000 UTC,2026-07-15 21:21:52.000 UTC,1.0,102,Semi-final,away_win,0.31125,0.3121875,3068,1477847.7572884844,1677.0,1,1
2941971,Match winner,27107,9229255.76219555,2026-07-16 02:54:26.000 UTC,2026-07-18 23:19:13.000 UTC,0.0,103,Third-place match,home_win,0.495,0.5046813646604442,3107,4361820.439311239,1885.0,1,1
2941972,Match draw,11409,3294983.9141811384,2026-07-16 02:59:38.000 UTC,2026-07-18 23:14:00.000 UTC,0.0,103,Third-place match,draw,0.245,0.24528103044496485,1281,1086325.9935290278,1155.0,0,0
2941973,Match winner,17836,6563125.086715059,2026-07-16 02:58:29.000 UTC,2026-07-18 23:26:12.000 UTC,1.0,103,Third-place match,away_win,0.245,0.2460639336261591,2049,1496966.6320659807,1684.0,1,1
2941974,Match winner,19439,6263479.024631967,2026-07-16 03:01:20.000 UTC,2026-07-19 22:20:01.000 UTC,0.0,104,Final,home_win,0.42375,0.4221770798248568,2969,3315862.34994095,2137.0,1,1
2941975,Match draw,11470,4312350.820234231,2026-07-16 03:06:53.000 UTC,2026-07-19 22:53:52.000 UTC,1.0,104,Final,draw,0.31625,0.3158861464968153,1570,1137459.4610077487,1170.5,1,1
2941976,Match winner,25846,5695741.0734461015,2026-07-16 03:01:17.000 UTC,2026-07-19 22:21:07.000 UTC,0.0,104,Final,away_win,0.265,0.26538565077796983,4049,3394529.852212695,2395.0,1,1
